Domain,Check Date,Page Title
gen.xyz,28-Jul-2024 12:01:37 - UTC,N/A
crowdstrike.ru,28-Jul-2024 06:50:58 - UTC,Домен продается. Купить в магазине доменов RU-CENTER
www.urbandictionary.com,28-Jul-2024 02:33:40 - UTC,Urban Dictionary: Lose The Game
www.crowdstrike.develop.net,28-Jul-2024 01:10:05 - UTC,develop.net
crowdstrikeupdate.com,28-Jul-2024 01:09:01 - UTC,crowdstrikeupdate.com
crowdstrikeout.com,28-Jul-2024 01:08:44 - UTC,porkbun.com | parked domain
www.crowdstrikeglitch.com,28-Jul-2024 01:08:14 - UTC,crowdstrikeglitch.com
crowdstrikepatch.com,28-Jul-2024 01:07:58 - UTC,crowdstrikepatch.com - Informationen zum Thema crowdstrikepatch.
crowdstrikeclassaction.com,28-Jul-2024 01:07:33 - UTC,crowdstrikeclassaction.com
sinkhole-d845c7b471d9adc14942f95105d5ffcf.crowdstrikeupdate.com,28-Jul-2024 01:07:05 - UTC,crowdstrikeupdate.com
www.fixmycrowdstrike.com,28-Jul-2024 01:06:46 - UTC,Error
crowdstrikepatch.com,28-Jul-2024 01:06:28 - UTC,crowdstrikepatch.com - crowdstrikepatch Resources and Information.
www.crowdstriked.net,28-Jul-2024 01:06:14 - UTC,crowdstriked.net - crowdstriked Resources and Information.
crowdstrikesettlement.com,28-Jul-2024 01:05:49 - UTC,crowdstrikesettlement.com - Informationen zum Thema crowdstrikesettlement.
crowdstrikerecovery1.blob.core.windows.net,28-Jul-2024 01:05:34 - UTC,N/A
www.crowdstrike-solutions.nl,28-Jul-2024 01:04:50 - UTC,TransIP - Reserved domainBezet!
www.crowdstrikezeroday.com,28-Jul-2024 01:03:10 - UTC,crowdstrikezeroday.com - Informationen zum Thema crowdstrikezeroday.
crowdstrikefix.zip,28-Jul-2024 01:02:48 - UTC,Coming Soon
www.crowdstrike.blue,28-Jul-2024 01:02:27 - UTC,crowdstrike.blue - Informationen zum Thema crowdstrike.
www.crowdstrikeplatform.com,28-Jul-2024 01:01:23 - UTC,N/A
crowdstrikefix.info,28-Jul-2024 01:00:38 - UTC,N/A
crowdstrikehelp.com,28-Jul-2024 00:58:02 - UTC,N/A
www.crowdstrikeoops.com,28-Jul-2024 00:57:45 - UTC,crowdstrikeoops.com - crowdstrikeoops Resources and Information.
www.crowdstrikefix.info,28-Jul-2024 00:57:25 - UTC,N/A
www.fix-crowdstrike.com,28-Jul-2024 00:56:19 - UTC,Global IT Crowdstrike Outage Recovery
iscrowdstrikefixed.com,28-Jul-2024 00:56:04 - UTC,Is CrowdStrike Issue Fixed Yet?
www.crowdstrikeupdate.com,28-Jul-2024 00:55:53 - UTC,crowdstrikeupdate.com
ww01.russian.company,28-Jul-2024 00:55:33 - UTC,russian.company
www.crowdstrikeoopsies.com,28-Jul-2024 00:55:00 - UTC,crowdstrikeoopsies.com - Informationen zum Thema crowdstrikeoopsies.
crowdstrikefix.zip,28-Jul-2024 00:54:42 - UTC,Coming Soon
crowdstrikeclassaction.com,28-Jul-2024 00:54:17 - UTC,crowdstrikeclassaction.com
www.crowdstriked.net,28-Jul-2024 00:53:59 - UTC,crowdstriked.net - crowdstriked Resources and Information.
www.sinkholed845c7b471d9adc14942f95105d5ffcf.crowdstrikeupdate.com,28-Jul-2024 00:53:43 - UTC,crowdstrikeupdate.com
www.crowdstrike.develop.net,28-Jul-2024 00:53:25 - UTC,develop.net
iscrowdstrikestilldown.com,28-Jul-2024 00:53:08 - UTC,Is CrowdStrike Still Down?
www.microsoftcrowdstrike.com,28-Jul-2024 00:52:48 - UTC,2024 CrowdStrike incident | Windows CrowdStrike
www3.crowdstrikebsod.co,28-Jul-2024 00:52:29 - UTC,crowdstrikebsod.co
www.crowdstrikeoutage.com,28-Jul-2024 00:52:15 - UTC,crowdstrikeoutage.com - Informationen zum Thema crowdstrikeoutage.
iscrowdstrikefixed.com,28-Jul-2024 00:51:53 - UTC,Is CrowdStrike Issue Fixed Yet?
www.crowdstrike-fix.zip,28-Jul-2024 00:51:38 - UTC,crowdstrike-fix.zip - Informationen zum Thema crowdstrike fix.
britishairways.crowdstrike.feedback,28-Jul-2024 00:51:11 - UTC,ERR_NGROK_3200 - Tunnel britishairways.crowdstrike.feedback not found
crowdstrikebug.com,28-Jul-2024 00:50:49 - UTC,"CrowdStrike Bug and Fix | This is a website dedicated to understand more about the incident that happened on July 18, 2024 due to software update from CrowdStike."
www.supportcrowdstrike.blog,28-Jul-2024 00:49:51 - UTC,N/A
fixcrowdstrike.com.au,28-Jul-2024 00:49:10 - UTC,N/A
www.crowdstrikelawsuit.com,28-Jul-2024 00:48:26 - UTC,crowdstrikelawsuit.com
crowdstrikesupport.info,28-Jul-2024 00:47:51 - UTC,porkbun.com | parked domain
crowdstrikefail.com,28-Jul-2024 00:47:27 - UTC,BEST EDR LMAO
crowdstrikeplatform.com,28-Jul-2024 00:47:09 - UTC,N/A
crowdstrikefix.blog,28-Jul-2024 00:46:35 - UTC,N/A
crowdstrikeglitch.com,28-Jul-2024 00:45:52 - UTC,crowdstrikeglitch.com
magento.crowdstrike.litemos.com,28-Jul-2024 00:45:34 - UTC,litemos.com
crowdstrikeclassaction.com.au,28-Jul-2024 00:45:18 - UTC,N/A
crowdstrikekernelcar.com,28-Jul-2024 00:44:36 - UTC,crowdstrikekernelcar.com
www3.crowdstrikefix.co,28-Jul-2024 00:44:20 - UTC,crowdstrikefix.co
crowdstrikeupdate.com,28-Jul-2024 00:44:03 - UTC,crowdstrikeupdate.com
www.sinkhole-d845c7b471d9adc14942f95105d5ffcf.crowdstrikeupdate.com,28-Jul-2024 00:43:45 - UTC,crowdstrikeupdate.com
www.fixcrowdstrike.com,28-Jul-2024 00:43:32 - UTC,fixcrowdstrike.com - Informationen zum Thema fixcrowdstrike.
howtofixcrowdstrikeissue.com,28-Jul-2024 00:42:53 - UTC,How to Fix CrowdStrike Issue?
www.areyouaffectedbycrowdstrike.info,28-Jul-2024 00:42:37 - UTC,N/A
www.secure-crowdstrike.com,28-Jul-2024 00:41:59 - UTC,N/A
www.crowdstrikeclassaction.com.au,28-Jul-2024 00:41:08 - UTC,N/A
sinkholed845c7b471d9adc14942f95105d5ffcf.crowdstrikeupdate.com,28-Jul-2024 00:40:26 - UTC,crowdstrikeupdate.com
crowdstrikeout.com,28-Jul-2024 00:40:08 - UTC,porkbun.com | parked domain
crowdstrikeoopsie.com,28-Jul-2024 00:39:52 - UTC,BEST EDR LMAO
www.crowdstrikekernelcar.com,28-Jul-2024 00:35:25 - UTC,crowdstrikekernelcar.com
www.crowdstrikeoutage.com,28-Jul-2024 00:35:08 - UTC,crowdstrikeoutage.com - crowdstrikeoutage Resources and Information.
crowdstrikezeroday.com,28-Jul-2024 00:34:52 - UTC,N/A
crowdstrikebug.com,28-Jul-2024 00:34:08 - UTC,"CrowdStrike Bug and Fix | This is a website dedicated to understand more about the incident that happened on July 18, 2024 due to software update from CrowdStike."
crowdstrike-fix.sumanrajsolutions.in,28-Jul-2024 00:33:37 - UTC,How to Boot a Pendrive with ISO
crowdstrikeclaims.com,28-Jul-2024 00:33:14 - UTC,N/A
www.crowdstrikeoopsies.com,28-Jul-2024 00:32:32 - UTC,crowdstrikeoopsies.com - Informationen zum Thema crowdstrikeoopsies.
crowdstrikefail.com,28-Jul-2024 00:32:10 - UTC,BEST EDR LMAO
www.crowdstrikehelp.com,28-Jul-2024 00:31:54 - UTC,N/A
crowdstrike.orora.group,28-Jul-2024 00:31:18 - UTC,503 Service Temporarily Unavailable
crowdstrikeplatform.com,28-Jul-2024 00:31:05 - UTC,porkbun.com | parked domain
crowdstrikerecovery.pro,28-Jul-2024 00:30:50 - UTC,N/A
www.crowdstrikemedaddy.com,28-Jul-2024 00:30:08 - UTC,Home
ww01.russian.company,28-Jul-2024 00:29:50 - UTC,russian.company
www3.crowdstrike-bsod.co,28-Jul-2024 00:29:32 - UTC,crowdstrike-bsod.co
crowdstrikehelp.com,28-Jul-2024 00:28:58 - UTC,porkbun.com | parked domain
www.crowdstrike.one,28-Jul-2024 00:28:41 - UTC,crowdstrike.one - Informationen zum Thema crowdstrike.
www.ww25.crowdstrikeclassaction.com.au,28-Jul-2024 00:28:21 - UTC,N/A
www.fixcrowdstrike.com.au,28-Jul-2024 00:27:00 - UTC,N/A
www.fixcrowdstrike.com,28-Jul-2024 00:26:18 - UTC,fixcrowdstrike.com - Informationen zum Thema fixcrowdstrike.
crowdstrikelawsuit.com,28-Jul-2024 00:26:03 - UTC,crowdstrikelawsuit.com
crowdstrikeoutage.com,28-Jul-2024 00:25:47 - UTC,N/A
crowdstrikerecovery.live,28-Jul-2024 00:25:08 - UTC,N/A
www.crowdstrike.blue,28-Jul-2024 00:24:25 - UTC,crowdstrike.blue - crowdstrike Resources and Information.
howtofixcrowdstrikeissue.com,28-Jul-2024 00:24:02 - UTC,How to Fix CrowdStrike Issue?
ww16.crowdstrikeclassaction.com.au,28-Jul-2024 00:23:09 - UTC,crowdstrikeclassaction.com.au - This website is for sale! - crowdstrikeclassaction Resources and Information.
www.crowdstrikeoops.com,28-Jul-2024 00:22:49 - UTC,crowdstrikeoops.com - Informationen zum Thema crowdstrikeoops.
fixcrowdstrike.com,28-Jul-2024 00:22:31 - UTC,N/A
www.crowdstrike-ab1.pages.dev,28-Jul-2024 00:21:47 - UTC,Deployment Not Found
supportcrowdstrike.lol,28-Jul-2024 00:17:55 - UTC,N/A
www.crowdstrike-fix.zip,28-Jul-2024 00:17:15 - UTC,crowdstrike-fix.zip - Informationen zum Thema crowdstrike fix.
www.crowdstrikepatch.com,28-Jul-2024 00:17:02 - UTC,crowdstrikepatch.com - Informationen zum Thema crowdstrikepatch.
crowdstrikesupport.info,28-Jul-2024 00:16:08 - UTC,porkbun.com | parked domain
fixmycrowdstrike.com,28-Jul-2024 00:15:19 - UTC,Error
www.ww38.crowdstrikeclassaction.com.au,28-Jul-2024 00:15:05 - UTC,N/A
crowdstriked.net,28-Jul-2024 00:14:24 - UTC,N/A
ww38.crowdstrikeclassaction.com.au,28-Jul-2024 00:13:41 - UTC,crowdstrikeclassaction.com.au
isitcrowdstrike.com,28-Jul-2024 00:13:23 - UTC,Is it Crowdstrike?
www.crowdstrike.cam,28-Jul-2024 00:13:04 - UTC,crowdstrike.cam - Informationen zum Thema crowdstrike.
www3.crowdstrikefix.co,28-Jul-2024 00:12:47 - UTC,crowdstrikefix.co
www.crowdstrike-solutions.nl,28-Jul-2024 00:12:27 - UTC,TransIP - Reserved domainBezet!
crowdstrikeoopsie.com,28-Jul-2024 00:10:26 - UTC,BEST EDR LMAO
www.crowdstrike.cam,28-Jul-2024 00:08:34 - UTC,crowdstrike.cam - Informationen zum Thema crowdstrike.
crowdstrike.develop.net,28-Jul-2024 00:07:48 - UTC,develop.net
ww25.crowdstrikeclassaction.com.au,28-Jul-2024 00:07:32 - UTC,N/A
knoji.com,28-Jul-2024 00:06:50 - UTC,"Knoji - Promo Codes, Brand Reviews, and Shopping Research"
www3.crowdstrikefix.co,28-Jul-2024 00:06:08 - UTC,crowdstrikefix.co
www.fixcrowdstrike.com,28-Jul-2024 00:05:26 - UTC,fixcrowdstrike.com - fixcrowdstrike Resources and Information.
whatiscrowdstrike.com,28-Jul-2024 00:04:47 - UTC,What is Crowdstrike?
howtofixcrowdstrikeissue.com,28-Jul-2024 00:03:44 - UTC,How to Fix CrowdStrike Issue?
www.sinkholed845c7b471d9adc14942f95105d5ffcf.crowdstrikeupdate.com,28-Jul-2024 00:03:25 - UTC,crowdstrikeupdate.com
www3.crowdstrikebsod.co,28-Jul-2024 00:03:06 - UTC,crowdstrikebsod.co
www.crowdstrike-falcon.online,28-Jul-2024 00:02:48 - UTC,crowdstrike-falcon.online - crowdstrike falcon Resources and Information.
fixcrowdstrike.com.au,28-Jul-2024 00:02:32 - UTC,N/A
crowdstrikesettlement.com,28-Jul-2024 00:01:26 - UTC,crowdstrikesettlement.com - crowdstrikesettlement Resources and Information.
crowdstrike.one,28-Jul-2024 00:01:08 - UTC,N/A
www.sinkhole-d845c7b471d9adc14942f95105d5ffcf.crowdstrikeupdate.com,28-Jul-2024 00:00:30 - UTC,crowdstrikeupdate.com
www.crowdstrikeupdate.com,28-Jul-2024 00:00:11 - UTC,crowdstrikeupdate.com
crowdstrikemedaddy.com,27-Jul-2024 23:58:09 - UTC,N/A
www.crowdstrikeplatform.info,27-Jul-2024 23:52:59 - UTC,N/A
ww16.crowdstrikeclassaction.com.au,27-Jul-2024 23:47:48 - UTC,crowdstrikeclassaction.com.au - This website is for sale! - crowdstrikeclassaction Resources and Information.
www.crowdstrike.bot,27-Jul-2024 23:42:36 - UTC,crowdstrike.bot - crowdstrike Resources and Information.
fixmycrowdstrike.com,27-Jul-2024 23:32:14 - UTC,Error
www.fixmycrowdstrike.com,27-Jul-2024 23:27:03 - UTC,Error
www.crowdstrikeoopsies.com,27-Jul-2024 23:21:55 - UTC,crowdstrikeoopsies.com - Informationen zum Thema crowdstrikeoopsies.
crowdstrikeoops.com,27-Jul-2024 23:17:06 - UTC,N/A
iscrowdstrikefixed.com,27-Jul-2024 23:11:31 - UTC,Is CrowdStrike Issue Fixed Yet?
ww38.crowdstrikeclassaction.com.au,27-Jul-2024 23:01:08 - UTC,crowdstrikeclassaction.com.au
www.crowdstrikemedaddy.com,27-Jul-2024 22:55:56 - UTC,Home
crowdstrike-falcon.online,27-Jul-2024 22:51:08 - UTC,N/A
fuckcrowdstrike.com,27-Jul-2024 22:45:36 - UTC,N/A
crowdstrike.us.org,27-Jul-2024 22:40:45 - UTC,N/A
crowdstrikeglitch.com,27-Jul-2024 22:35:09 - UTC,crowdstrikeglitch.com
www.crowdstrike.ws,27-Jul-2024 22:29:59 - UTC,crowdstrike.ws - Informationen zum Thema crowdstrike.
ww01.russian.company,27-Jul-2024 22:24:48 - UTC,N/A
www.ww16.crowdstrikeclassaction.com.au,27-Jul-2024 22:20:03 - UTC,N/A
crowdstrikeoopsies.com,27-Jul-2024 22:14:50 - UTC,N/A
www.crowdstrikeglitch.com,27-Jul-2024 22:09:15 - UTC,crowdstrikeglitch.com
www.crowdstrikefix.zip,27-Jul-2024 22:04:02 - UTC,Coming Soon
www.crowdstrikeoops.com,27-Jul-2024 21:53:41 - UTC,crowdstrikeoops.com - Informationen zum Thema crowdstrikeoops.
www.microsoftcrowdstrike.com,27-Jul-2024 21:48:30 - UTC,2024 CrowdStrike incident | Windows CrowdStrike
howtofixcrowdstrikeissue.com,27-Jul-2024 21:43:19 - UTC,How to Fix CrowdStrike Issue?
crowdstrike-solutions.nl,27-Jul-2024 21:38:09 - UTC,TransIP - Reserved domainBezet!
knoji.com,27-Jul-2024 21:32:58 - UTC,"Knoji - Promo Codes, Brand Reviews, and Shopping Research"
iscrowdstrikefixed.com,27-Jul-2024 21:27:47 - UTC,Is CrowdStrike Issue Fixed Yet?
crowdstrikeplatform.info,27-Jul-2024 21:22:35 - UTC,porkbun.com | parked domain
ww25.ww16.crowdstrikeclassaction.com.au,27-Jul-2024 21:19:53 - UTC,N/A
www.crowdstrikesettlement.com,27-Jul-2024 21:12:11 - UTC,crowdstrikesettlement.com - Informationen zum Thema crowdstrikesettlement.
crowdstrikemedaddy.com,27-Jul-2024 21:01:48 - UTC,crowdstrikemedaddy.com
crowdstrike.bot,27-Jul-2024 20:46:40 - UTC,N/A
crowdstrikelawsuit.com,27-Jul-2024 20:41:04 - UTC,crowdstrikelawsuit.com
crowdstrikekernelcar.com,27-Jul-2024 20:35:54 - UTC,crowdstrikekernelcar.com
crowdstrikeout.com,27-Jul-2024 20:25:39 - UTC,N/A
crowdstrike.cam,27-Jul-2024 20:15:34 - UTC,N/A
crowdstrike.outage.com,27-Jul-2024 20:09:58 - UTC,outage.com
en.wikipedia.org,27-Jul-2024 20:06:15 - UTC,CrowdStrike - Wikipedia
www.crowdstrike-falcon.online,27-Jul-2024 19:59:36 - UTC,crowdstrike-falcon.online - Informationen zum Thema crowdstrike falcon.
www.supportcrowdstrike.lol,27-Jul-2024 19:54:49 - UTC,N/A
crowdstrikerecovery1.blob.core.windows.net,27-Jul-2024 19:49:14 - UTC,N/A
crowdstrikeday.com,27-Jul-2024 19:48:17 - UTC,Is It Crowdstrike Day?
microsoftoutagescrowdstrike.com,27-Jul-2024 19:44:01 - UTC,microsoftoutagescrowdstrike.com
www.crowdstrike.outage.com,27-Jul-2024 19:38:48 - UTC,outage.com
www.magento.crowdstrike.litemos.com,27-Jul-2024 19:33:39 - UTC,litemos.com
crowdstrikehelp.com,27-Jul-2024 19:28:33 - UTC,porkbun.com | parked domain
www.crowdstriked.net,27-Jul-2024 19:23:17 - UTC,crowdstriked.net - Informationen zum Thema crowdstriked.
crowdstrikeout.com,27-Jul-2024 19:17:00 - UTC,N/A
fixcrowdstrike.com,27-Jul-2024 19:07:02 - UTC,N/A
www.crowdstrikesettlement.com,27-Jul-2024 18:56:13 - UTC,N/A
crowdstrike.bot,27-Jul-2024 18:46:16 - UTC,N/A
www.sinkholed845c7b471d9adc14942f95105d5ffcf.crowdstrikeupdate.com,27-Jul-2024 18:30:16 - UTC,crowdstrikeupdate.com
crowdstrike-fix.sumanrajsolutions.in,27-Jul-2024 18:25:04 - UTC,How to Boot a Pendrive with ISO
crowdstrikeclassaction.com,27-Jul-2024 18:19:46 - UTC,crowdstrikeclassaction.com
www.crowdstrikeoops.com,27-Jul-2024 18:14:37 - UTC,crowdstrikeoops.com - Informationen zum Thema crowdstrikeoops.
crowdstrikefix.info,27-Jul-2024 18:09:49 - UTC,N/A
www.crowdstrikeupdate.com,27-Jul-2024 18:04:10 - UTC,crowdstrikeupdate.com
suportecrowdstrike.com,27-Jul-2024 17:59:23 - UTC,N/A
crowdstrikeout.com,27-Jul-2024 17:53:48 - UTC,porkbun.com | parked domain
crowdstrikelawsuit.com,27-Jul-2024 17:48:36 - UTC,crowdstrikelawsuit.com
www.crowdstrikeoops.com,27-Jul-2024 17:43:25 - UTC,crowdstrikeoops.com - Informationen zum Thema crowdstrikeoops.
www.fixmycrowdstrike.com,27-Jul-2024 17:38:12 - UTC,Error
www.crowdstrikepatch.com,27-Jul-2024 17:33:00 - UTC,crowdstrikepatch.com - Informationen zum Thema crowdstrikepatch.
www.crowdstrike.cam,27-Jul-2024 17:27:49 - UTC,crowdstrike.cam - Informationen zum Thema crowdstrike.
crowdstrikesupport.info,27-Jul-2024 17:17:27 - UTC,porkbun.com | parked domain
ww16.crowdstrikeclassaction.com.au,27-Jul-2024 17:12:15 - UTC,crowdstrikeclassaction.com.au - This website is for sale! - crowdstrikeclassaction Resources and Information.
crowdstrike.develop.net,27-Jul-2024 17:07:03 - UTC,develop.net
crowdstrike.bio,27-Jul-2024 17:05:43 - UTC,Crowdstrike
crowdstrikecure.com,27-Jul-2024 17:01:55 - UTC,N/A
crowdstrikebug.com,27-Jul-2024 16:51:30 - UTC,"CrowdStrike Bug and Fix | This is a website dedicated to understand more about the incident that happened on July 18, 2024 due to software update from CrowdStike."
www.crowdstrike.bot,27-Jul-2024 16:46:19 - UTC,crowdstrike.bot - crowdstrike Resources and Information.
crowdstrikeglitch.com,27-Jul-2024 16:35:58 - UTC,crowdstrikeglitch.com
crowdstrikeoops.com,27-Jul-2024 16:31:12 - UTC,N/A
www.crowdstrikeoutage.com,27-Jul-2024 16:25:59 - UTC,crowdstrikeoutage.com - Informationen zum Thema crowdstrikeoutage.
crowdstrike.cam,27-Jul-2024 16:20:50 - UTC,N/A
ww16.crowdstrikeclassaction.com.au,27-Jul-2024 16:15:11 - UTC,crowdstrikeclassaction.com.au - This website is for sale! - crowdstrikeclassaction Resources and Information.
crowdstrikeclassaction.com.au,27-Jul-2024 16:05:13 - UTC,N/A
crowdstrikefix.zip,27-Jul-2024 15:59:26 - UTC,Coming Soon
crowdstrikeplatform.info,27-Jul-2024 15:49:04 - UTC,porkbun.com | parked domain
www.fixmycrowdstrike.com,27-Jul-2024 15:43:53 - UTC,Error
crowdstrikeoopsie.com,27-Jul-2024 15:39:40 - UTC,BEST EDR LMAO
fixcrowdstrike.com.au,27-Jul-2024 15:34:13 - UTC,N/A
www.crowdstriked.net,27-Jul-2024 15:28:23 - UTC,crowdstriked.net - crowdstriked Resources and Information.
crowdstrikerecovery1.blob.core.windows.net,27-Jul-2024 15:23:04 - UTC,N/A
www.crowdstrikeplatform.com,27-Jul-2024 15:12:43 - UTC,N/A
www.fixcrowdstrike.com,27-Jul-2024 14:57:12 - UTC,fixcrowdstrike.com - Informationen zum Thema fixcrowdstrike.
www.sinkhole-d845c7b471d9adc14942f95105d5ffcf.crowdstrikeupdate.com,27-Jul-2024 14:51:57 - UTC,crowdstrikeupdate.com
www.crowdstrikeoopsies.com,27-Jul-2024 14:46:36 - UTC,crowdstrikeoopsies.com - Informationen zum Thema crowdstrikeoopsies.
www.crowdstrikehelp.com,27-Jul-2024 14:36:13 - UTC,N/A
www3.crowdstrikefix.co,27-Jul-2024 14:31:01 - UTC,crowdstrikefix.co
www.crowdstrike.develop.net,27-Jul-2024 14:20:59 - UTC,develop.net
fixmycrowdstrike.com,27-Jul-2024 14:15:27 - UTC,Error
crowdstrikeglitch.com,27-Jul-2024 14:10:14 - UTC,crowdstrikeglitch.com
www.crowdstrikemedaddy.com,27-Jul-2024 14:05:07 - UTC,Home
crowdstrikefix.blog,27-Jul-2024 14:00:16 - UTC,N/A
crowdstrike.us.org,27-Jul-2024 13:55:05 - UTC,N/A
crowdstrikehelp.com,27-Jul-2024 13:44:18 - UTC,N/A
www.crowdstrike.outage.com,27-Jul-2024 13:39:08 - UTC,outage.com
crowdstrikehelp.com,27-Jul-2024 13:34:00 - UTC,porkbun.com | parked domain
www.crowdstrike-falcon.online,27-Jul-2024 13:28:45 - UTC,crowdstrike-falcon.online - crowdstrike falcon Resources and Information.
www3.crowdstrikefix.co,27-Jul-2024 13:23:44 - UTC,crowdstrikefix.co
crowdstrike.one,27-Jul-2024 13:18:47 - UTC,N/A
crowdstrike.orora.group,27-Jul-2024 13:07:58 - UTC,503 Service Temporarily Unavailable
crowdstrikelawsuit.com,27-Jul-2024 13:02:46 - UTC,crowdstrikelawsuit.com
www.fixcrowdstrike.com.au,27-Jul-2024 12:58:01 - UTC,N/A
fixcrowdstrike.com.au,27-Jul-2024 12:52:50 - UTC,N/A
www.microsoftcrowdstrike.com,27-Jul-2024 12:47:16 - UTC,2024 CrowdStrike incident | Windows CrowdStrike
crowdstrikefix.zip,27-Jul-2024 12:42:03 - UTC,Coming Soon
www.crowdstrikefix.zip,27-Jul-2024 12:36:52 - UTC,Coming Soon
howtofixcrowdstrikeissue.com,27-Jul-2024 12:31:57 - UTC,How to Fix CrowdStrike Issue?
knoji.com,27-Jul-2024 12:26:40 - UTC,"Knoji - Promo Codes, Brand Reviews, and Shopping Research"
sinkhole-d845c7b471d9adc14942f95105d5ffcf.crowdstrikeupdate.com,27-Jul-2024 12:21:20 - UTC,crowdstrikeupdate.com
www.crowdstrike.blue,27-Jul-2024 12:16:09 - UTC,crowdstrike.blue - Informationen zum Thema crowdstrike.
www.magento.crowdstrike.litemos.com,27-Jul-2024 12:10:58 - UTC,litemos.com
www.crowdstriked.net,27-Jul-2024 12:06:03 - UTC,crowdstriked.net - Informationen zum Thema crowdstriked.
www.crowdstrikeoutage.com,27-Jul-2024 11:55:26 - UTC,crowdstrikeoutage.com - crowdstrikeoutage Resources and Information.
www.crowdstrike-bsod.co,27-Jul-2024 11:45:28 - UTC,N/A
www.crowdstrike.blue,27-Jul-2024 11:42:25 - UTC,crowdstrike.blue - Informationen zum Thema crowdstrike.
crowdstrikeoutage.info,27-Jul-2024 11:39:51 - UTC," 403 Forbidden
"
iscrowdstrikefixed.com,27-Jul-2024 11:34:39 - UTC,Is CrowdStrike Issue Fixed Yet?
crowdstrikerecovery1.blob.core.windows.net,27-Jul-2024 11:29:10 - UTC,N/A
howtofixcrowdstrikeissue.com,27-Jul-2024 11:23:59 - UTC,How to Fix CrowdStrike Issue?
www.crowdstrikefix.info,27-Jul-2024 11:19:13 - UTC,N/A
crowdstrike.outage.com,27-Jul-2024 11:13:37 - UTC,outage.com
crowdstrikerecovery.live,27-Jul-2024 11:08:52 - UTC,N/A
fuckcrowdstrike.com,27-Jul-2024 11:03:19 - UTC,N/A
crowdstrikemedaddy.com,27-Jul-2024 10:58:05 - UTC,N/A
crowdstrikerecovery.cn,27-Jul-2024 10:56:29 - UTC,Welcome to XAMPP
crowdstrikesuporte.com,27-Jul-2024 10:53:18 - UTC,N/A
crowdstrikepatch.com,27-Jul-2024 10:47:45 - UTC,crowdstrikepatch.com - Informationen zum Thema crowdstrikepatch.
howtofixcrowdstrikeissue.com,27-Jul-2024 10:42:44 - UTC,How to Fix CrowdStrike Issue?
crowdstrikesupport.info,27-Jul-2024 10:32:09 - UTC,porkbun.com | parked domain
www.crowdstrikelawsuit.com,27-Jul-2024 10:26:56 - UTC,crowdstrikelawsuit.com
howtofixcrowdstrikeissue.com,27-Jul-2024 10:21:47 - UTC,How to Fix CrowdStrike Issue?
www.crowdstrikeoutage.info,27-Jul-2024 10:16:46 - UTC,CrowdStrikeOutage - Get Latest Info About Microsoft Outage
www.crowdstrikeoops.com,27-Jul-2024 10:11:24 - UTC,crowdstrikeoops.com - crowdstrikeoops Resources and Information.
https.crowdstrikeupdate.com,27-Jul-2024 10:03:35 - UTC,crowdstrikeupdate.com
www.fix-crowdstrike.com,27-Jul-2024 10:01:01 - UTC,Global IT Crowdstrike Outage Recovery
www3.crowdstrikebsod.co,27-Jul-2024 09:55:50 - UTC,crowdstrikebsod.co
www.sinkhole-d845c7b471d9adc14942f95105d5ffcf.crowdstrikeupdate.com,27-Jul-2024 09:50:39 - UTC,crowdstrikeupdate.com
en.wikipedia.org,27-Jul-2024 09:45:32 - UTC,CrowdStrike - Wikipedia
crowdstriked.net,27-Jul-2024 09:40:43 - UTC,N/A
fixmycrowdstrike.com,27-Jul-2024 09:35:07 - UTC,Error
crowdstrike-falcon.online,27-Jul-2024 09:30:21 - UTC,N/A
crowdstrikeplatform.com,27-Jul-2024 09:24:46 - UTC,porkbun.com | parked domain
crowdstrikesettlement.com,27-Jul-2024 09:19:32 - UTC,crowdstrikesettlement.com - Informationen zum Thema crowdstrikesettlement.
crowdstrikeoopsie.com,27-Jul-2024 09:15:41 - UTC,BEST EDR LMAO
www.crowdstrike.ws,27-Jul-2024 09:09:24 - UTC,crowdstrike.ws - Informationen zum Thema crowdstrike.
www3.crowdstrikebsod.co,27-Jul-2024 09:03:59 - UTC,crowdstrikebsod.co
www.crowdstrike-solutions.nl,27-Jul-2024 09:02:38 - UTC,TransIP - Reserved domainBezet!
crowdstrike-solutions.nl,27-Jul-2024 08:55:54 - UTC,TransIP - Reserved domainBezet!
www.crowdstrikeoopsies.com,27-Jul-2024 08:48:28 - UTC,crowdstrikeoopsies.com - Informationen zum Thema crowdstrikeoopsies.
www.crowdstrikemedaddy.com,27-Jul-2024 08:38:05 - UTC,Home
www.ww16.crowdstrikeclassaction.com.au,27-Jul-2024 08:33:17 - UTC,N/A
ww25.crowdstrikeclassaction.com.au,27-Jul-2024 08:28:06 - UTC,N/A
supportcrowdstrike.lol,27-Jul-2024 08:22:54 - UTC,N/A
ww38.crowdstrikeclassaction.com.au,27-Jul-2024 08:17:25 - UTC,crowdstrikeclassaction.com.au
www.supportcrowdstrike.blog,27-Jul-2024 08:12:33 - UTC,N/A
www.crowdstrikeclassaction.com.au,27-Jul-2024 08:07:22 - UTC,N/A
isitcrowdstrike.com,27-Jul-2024 08:01:47 - UTC,Is it Crowdstrike?
crowdstrikehelp.com,27-Jul-2024 07:56:34 - UTC,porkbun.com | parked domain
crowdstrikebug.com,27-Jul-2024 07:51:25 - UTC,"CrowdStrike Bug and Fix | This is a website dedicated to understand more about the incident that happened on July 18, 2024 due to software update from CrowdStike."
www.crowdstrikeglitch.com,27-Jul-2024 07:46:11 - UTC,crowdstrikeglitch.com
www.ww38.crowdstrikeclassaction.com.au,27-Jul-2024 07:36:15 - UTC,N/A
iscrowdstrikestilldown.com,27-Jul-2024 07:30:57 - UTC,Is CrowdStrike Still Down?
ww01.russian.company,27-Jul-2024 07:25:28 - UTC,N/A
britishairways.crowdstrike.feedback,27-Jul-2024 07:20:19 - UTC,ERR_NGROK_3200 - Tunnel britishairways.crowdstrike.feedback not found
www.crowdstrike.develop.net,27-Jul-2024 07:15:27 - UTC,develop.net
www.fix-crowdstrike.com,27-Jul-2024 07:07:35 - UTC,Global IT Crowdstrike Outage Recovery
www.microsoftcrowdstrike.com,27-Jul-2024 06:59:31 - UTC,2024 CrowdStrike incident | Windows CrowdStrike
www.crowdstrike.bot,27-Jul-2024 06:56:24 - UTC,crowdstrike.bot - crowdstrike Resources and Information.
www.crowdstrike.cam,27-Jul-2024 06:56:24 - UTC,crowdstrike.cam - Informationen zum Thema crowdstrike.
www.crowdstrikezeroday.com,27-Jul-2024 06:49:13 - UTC,crowdstrikezeroday.com - Informationen zum Thema crowdstrikezeroday.
www.crowdstrike-ab1.pages.dev,27-Jul-2024 06:44:01 - UTC,Deployment Not Found
microsoftoutagescrowdstrike.com,27-Jul-2024 06:38:48 - UTC,microsoftoutagescrowdstrike.com
www.crowdstrikekernelcar.com,27-Jul-2024 06:33:37 - UTC,crowdstrikekernelcar.com
crowdstrikeclassaction.com,27-Jul-2024 06:28:27 - UTC,crowdstrikeclassaction.com
www.sinkholed845c7b471d9adc14942f95105d5ffcf.crowdstrikeupdate.com,27-Jul-2024 06:23:16 - UTC,crowdstrikeupdate.com
crowdstrikefail.com,27-Jul-2024 06:18:04 - UTC,BEST EDR LMAO
www.crowdstrike-fix.zip,27-Jul-2024 06:12:56 - UTC,crowdstrike-fix.zip - Informationen zum Thema crowdstrike fix.
magento.crowdstrike.litemos.com,27-Jul-2024 06:02:59 - UTC,litemos.com
www.secure-crowdstrike.com,27-Jul-2024 05:57:46 - UTC,N/A
knoji.com,27-Jul-2024 05:46:59 - UTC,"Knoji - Promo Codes, Brand Reviews, and Shopping Research"
www.crowdstrikeglitch.com,27-Jul-2024 05:41:49 - UTC,crowdstrikeglitch.com
crowdstrikeoutage.com,27-Jul-2024 05:37:03 - UTC,N/A
crowdstrikefail.com,27-Jul-2024 05:31:26 - UTC,BEST EDR LMAO
crowdstrikekernelcar.com,27-Jul-2024 05:25:48 - UTC,crowdstrikekernelcar.com
crowdstrikemedaddy.com,27-Jul-2024 05:24:17 - UTC,crowdstrikemedaddy.com
www.crowdstrikeoopsies.com,27-Jul-2024 05:21:03 - UTC,crowdstrikeoopsies.com - Informationen zum Thema crowdstrikeoopsies.
crowdstrikeupdate.com,27-Jul-2024 05:15:52 - UTC,crowdstrikeupdate.com
crowdstrikerecovery.pro,27-Jul-2024 05:11:10 - UTC,N/A
www.areyouaffectedbycrowdstrike.info,27-Jul-2024 05:05:57 - UTC,N/A
www.crowdstrike-solutions.nl,27-Jul-2024 05:00:23 - UTC,TransIP - Reserved domainBezet!
www3.crowdstrikefix.co,27-Jul-2024 04:55:07 - UTC,crowdstrikefix.co
crowdstrikeoopsies.com,27-Jul-2024 04:45:09 - UTC,N/A
crowdstrikefix.blog,27-Jul-2024 04:40:15 - UTC,N/A
www.ww25.crowdstrikeclassaction.com.au,27-Jul-2024 04:36:08 - UTC,N/A
www.crowdstrike.one,27-Jul-2024 04:29:08 - UTC,crowdstrike.one - Informationen zum Thema crowdstrike.
iscrowdstrikefixed.com,27-Jul-2024 04:24:00 - UTC,Is CrowdStrike Issue Fixed Yet?
crowdstrikeplatform.com,27-Jul-2024 04:18:48 - UTC,N/A
www.crowdstrike.cam,27-Jul-2024 04:13:43 - UTC,crowdstrike.cam - Informationen zum Thema crowdstrike.
iscrowdstrikefixed.com,27-Jul-2024 04:08:23 - UTC,Is CrowdStrike Issue Fixed Yet?
crowdstrikezeroday.com,27-Jul-2024 04:03:37 - UTC,N/A
iscrowdstrikefixed.com,27-Jul-2024 03:58:01 - UTC,Is CrowdStrike Issue Fixed Yet?
www.crowdstrikeplatform.info,27-Jul-2024 03:52:50 - UTC,N/A
en.wikipedia.org,27-Jul-2024 03:51:52 - UTC,CrowdStrike - Wikipedia
crowdstrikeoutage.info,27-Jul-2024 03:49:22 - UTC,N/A
en.wikipedia.org,27-Jul-2024 03:47:40 - UTC,CrowdStrike - Wikipedia
crowdstrikeupdate.com,27-Jul-2024 03:45:22 - UTC,N/A
www.crowdstrike-falcon.online,27-Jul-2024 03:42:27 - UTC,crowdstrike-falcon.online - Informationen zum Thema crowdstrike falcon.
crowdstrikesettlement.com,27-Jul-2024 03:37:16 - UTC,crowdstrikesettlement.com - Informationen zum Thema crowdstrikesettlement.
www.crowdstrikeclaim.com,27-Jul-2024 03:36:05 - UTC,CrowdStrike Outage Claim Lawyers
www.microsoftcrowdstrike.com,27-Jul-2024 03:34:51 - UTC,2024 CrowdStrike incident | Windows CrowdStrike
crowdstrikekernelcar.com,27-Jul-2024 03:32:06 - UTC,crowdstrikekernelcar.com
crowdstrike0day.com,27-Jul-2024 03:30:00 - UTC,Coming Soon
ww01.russian.company,27-Jul-2024 03:26:57 - UTC,N/A
sinkholed845c7b471d9adc14942f95105d5ffcf.crowdstrikeupdate.com,27-Jul-2024 03:11:20 - UTC,crowdstrikeupdate.com
crowdstrikeupdate.com,27-Jul-2024 03:06:09 - UTC,crowdstrikeupdate.com
crowdstrikemedaddy.com,27-Jul-2024 02:55:46 - UTC,crowdstrikemedaddy.com
crowdstrike.mystaffingpro.com,27-Jul-2024 02:50:58 - UTC,N/A
ww38.crowdstrikeclassaction.com.au,27-Jul-2024 02:50:37 - UTC,crowdstrikeclassaction.com.au
crowdstrikerecovery.info,27-Jul-2024 02:49:45 - UTC,N/A
crowdstrikebug.info,27-Jul-2024 02:49:45 - UTC,N/A
www.crowdstrike-fix.zip,27-Jul-2024 02:45:27 - UTC,crowdstrike-fix.zip - Informationen zum Thema crowdstrike fix.
www.fixcrowdstrike.com,27-Jul-2024 02:40:15 - UTC,fixcrowdstrike.com - fixcrowdstrike Resources and Information.
supportcrowdstrike.lol,27-Jul-2024 02:38:50 - UTC,N/A
crowdstrikemedaddy.com,27-Jul-2024 02:33:56 - UTC,crowdstrikemedaddy.com
crowdstrikekernelcar.com,27-Jul-2024 02:29:59 - UTC,crowdstrikekernelcar.com
ww01.russian.company,27-Jul-2024 02:19:38 - UTC,N/A
www.crowdstrikeupdate.com,27-Jul-2024 02:14:16 - UTC,crowdstrikeupdate.com
www.crowdstrike.blue,27-Jul-2024 02:09:01 - UTC,crowdstrike.blue - Informationen zum Thema crowdstrike.
crowdstrikepatch.com,27-Jul-2024 02:04:42 - UTC,N/A
crowdstrikewatch.com,27-Jul-2024 01:58:35 - UTC,CrowdStrike Watch
www.fixcrowdstrike.com,27-Jul-2024 01:48:11 - UTC,fixcrowdstrike.com - Informationen zum Thema fixcrowdstrike.
www.crowdstriked.net,27-Jul-2024 01:43:01 - UTC,crowdstriked.net - crowdstriked Resources and Information.
whatsapp-zendesk-crm-app.stepwell-crowdstrike-nifi-np.careem.ae,27-Jul-2024 01:42:57 - UTC,N/A
crowdstrikeout.com,27-Jul-2024 01:32:43 - UTC,porkbun.com | parked domain
www.supportcrowdstrike.lol,27-Jul-2024 01:27:53 - UTC,N/A
www.crowdstrikefix.blog,27-Jul-2024 01:27:07 - UTC,N/A
www.crowdstrikeplatform.com,27-Jul-2024 01:26:27 - UTC,N/A
iscrowdstrikestilldown.com,27-Jul-2024 01:25:45 - UTC,Is CrowdStrike Still Down?
www3.crowdstrike-bsod.co,27-Jul-2024 01:25:29 - UTC,crowdstrike-bsod.co
www.microsoftoutagescrowdstrike.com,27-Jul-2024 01:25:08 - UTC,microsoftoutagescrowdstrike.com
www.crowdstrike.one,27-Jul-2024 01:24:19 - UTC,crowdstrike.one - Informationen zum Thema crowdstrike.
www.crowdstrike-ab1.pages.dev,27-Jul-2024 01:23:58 - UTC,Deployment Not Found
www.crowdstrikeclassaction.com.au,27-Jul-2024 01:21:56 - UTC,N/A
www.microsoftcrowdstrike.com,27-Jul-2024 01:21:11 - UTC,2024 CrowdStrike incident | Windows CrowdStrike
www.crowdstrike.s4io.live,27-Jul-2024 01:19:58 - UTC,s4io.live - Informationen zum Thema s4io.
supportcrowdstrike.blog,27-Jul-2024 01:19:42 - UTC,N/A
www3.crowdstrike-bsod.co,27-Jul-2024 01:19:41 - UTC,crowdstrike-bsod.co
www.crowdstrikefix.zip,27-Jul-2024 01:18:59 - UTC,Coming Soon
www.ww25.crowdstrikeclassaction.com.au,27-Jul-2024 01:18:44 - UTC,N/A
www.fix-crowdstrike.com,27-Jul-2024 01:18:00 - UTC,Global IT Crowdstrike Outage Recovery
www.fix-crowdstrike.com,27-Jul-2024 01:17:34 - UTC,Global IT Crowdstrike Outage Recovery
www.crowdstrikeclaim.com,27-Jul-2024 01:16:49 - UTC,CrowdStrike Outage Claim Lawyers
www.crowdstrikezeroday.com,27-Jul-2024 01:16:20 - UTC,crowdstrikezeroday.com - Informationen zum Thema crowdstrikezeroday.
sinkholed845c7b471d9adc14942f95105d5ffcf.crowdstrikeupdate.com,27-Jul-2024 01:15:44 - UTC,crowdstrikeupdate.com
www.crowdstrike.bot,27-Jul-2024 01:15:29 - UTC,crowdstrike.bot - Informationen zum Thema crowdstrike.
crowdstrikebug.com,27-Jul-2024 01:15:14 - UTC,"CrowdStrike Bug and Fix | This is a website dedicated to understand more about the incident that happened on July 18, 2024 due to software update from CrowdStike."
crowdstrike.ee,27-Jul-2024 01:14:31 - UTC,Der Domainname crowdstrike.ee steht zum Verkauf.
crowdstrikeplatform.info,27-Jul-2024 01:14:05 - UTC,porkbun.com | parked domain
crowdstrike.ee,27-Jul-2024 01:13:46 - UTC,Der Domainname crowdstrike.ee steht zum Verkauf.
ww25.crowdstrikeclassaction.com.au,27-Jul-2024 01:13:32 - UTC,N/A
www.microsoftcrowdstrike.com,27-Jul-2024 01:12:52 - UTC,2024 CrowdStrike incident | Windows CrowdStrike
areyouaffectedbycrowdstrike.info,27-Jul-2024 01:12:32 - UTC,N/A
crowdstrike.blue,27-Jul-2024 01:10:29 - UTC,N/A
crowdstrike.s4io.live,27-Jul-2024 01:09:46 - UTC,s4io.live - Informationen zum Thema s4io.
www.crowdstrikeclassaction.com,27-Jul-2024 01:09:26 - UTC,crowdstrikeclassaction.com
isitcrowdstrike.com,27-Jul-2024 01:09:08 - UTC,Is it Crowdstrike?
www.fixcrowdstrike.com.au,27-Jul-2024 01:08:47 - UTC,N/A
www3.crowdstrike-bsod.co,27-Jul-2024 01:07:45 - UTC,crowdstrike-bsod.co
www.ww16.crowdstrikeclassaction.com.au,27-Jul-2024 01:07:26 - UTC,N/A
www.crowdstrikekernelcar.com,27-Jul-2024 01:06:40 - UTC,crowdstrikekernelcar.com
magento.crowdstrike.litemos.com,27-Jul-2024 01:06:11 - UTC,litemos.com
www.crowdstrikesupport.info,27-Jul-2024 01:05:54 - UTC,N/A
crowdstrike.fail,27-Jul-2024 01:05:33 - UTC,BEST EDR LMAO
www.microsoftoutagescrowdstrike.com,27-Jul-2024 01:02:06 - UTC,microsoftoutagescrowdstrike.com
www.crowdstrikezeroday.com,27-Jul-2024 01:01:31 - UTC,crowdstrikezeroday.com - Informationen zum Thema crowdstrikezeroday.
sinkhole-d845c7b471d9adc14942f95105d5ffcf.crowdstrikeupdate.com,27-Jul-2024 01:01:15 - UTC,crowdstrikeupdate.com
www.crowdstrikeclaims.com,27-Jul-2024 01:00:52 - UTC,N/A
www3.crowdstrikefix.co,27-Jul-2024 01:00:09 - UTC,crowdstrikefix.co
crowdstrikebug.com,27-Jul-2024 00:54:56 - UTC,"CrowdStrike Bug and Fix | This is a website dedicated to understand more about the incident that happened on July 18, 2024 due to software update from CrowdStike."
supportcrowdstrike.lol,27-Jul-2024 00:50:10 - UTC,N/A
crowdstrike.fail,27-Jul-2024 00:44:34 - UTC,BEST EDR LMAO
crowdstrikebug.com,27-Jul-2024 00:39:24 - UTC,"CrowdStrike Bug and Fix | This is a website dedicated to understand more about the incident that happened on July 18, 2024 due to software update from CrowdStike."
crowdstrikefix.info,27-Jul-2024 00:34:37 - UTC,N/A
crowdstrikefix.blog,27-Jul-2024 00:29:23 - UTC,N/A
www.crowdstrike-ab1.pages.dev,27-Jul-2024 00:19:46 - UTC,Deployment Not Found
www.crowdstrikeold.com,27-Jul-2024 00:18:21 - UTC,N/A
www.crowdstrike.us.org,27-Jul-2024 00:17:40 - UTC,N/A
www.crowdstrike.ws,27-Jul-2024 00:16:57 - UTC,crowdstrike.ws - Informationen zum Thema crowdstrike.
crowdstrikeplatform.info,27-Jul-2024 00:16:41 - UTC,N/A
www.crowdstrike.outage.com,27-Jul-2024 00:15:58 - UTC,outage.com
www.crowdstrikeclassaction.com,27-Jul-2024 00:15:41 - UTC,crowdstrikeclassaction.com
iscrowdstrikedown.com,27-Jul-2024 00:15:26 - UTC,N/A
www.crowdstrikeout.com,27-Jul-2024 00:15:02 - UTC,N/A
www.crowdstrikecure.com,27-Jul-2024 00:14:48 - UTC,N/A
www.crowdstrikeclaim.com,27-Jul-2024 00:13:48 - UTC,CrowdStrike Outage Claim Lawyers
www.crowdstrikerecovery.info,27-Jul-2024 00:13:04 - UTC,N/A
crowdstrikeclaim.com,27-Jul-2024 00:12:02 - UTC,N/A
crowdstrike.ws,27-Jul-2024 00:11:23 - UTC,N/A
crowdstrike.ee,27-Jul-2024 00:10:36 - UTC,Der Domainname crowdstrike.ee steht zum Verkauf.
iscrowdstrikestilldown.com,27-Jul-2024 00:10:08 - UTC,Is CrowdStrike Still Down?
iscrowdstrikestilldown.com,27-Jul-2024 00:09:50 - UTC,Is CrowdStrike Still Down?
fuckcrowdstrike.com,27-Jul-2024 00:09:35 - UTC,N/A
www.crowdstrike-out.com,27-Jul-2024 00:08:53 - UTC,N/A
crowdstrike-ab1.pages.dev,27-Jul-2024 00:08:11 - UTC,How to Boot a Pendrive with ISO
www.magento.crowdstrike.litemos.com,27-Jul-2024 00:07:16 - UTC,litemos.com
ww25.crowdstrikeclassaction.com.au,27-Jul-2024 00:06:59 - UTC,crowdstrikeclassaction.com.au
www.crowdstrikesettlement.com,27-Jul-2024 00:06:15 - UTC,crowdstrikesettlement.com - Informationen zum Thema crowdstrikesettlement.
microsoftoutagescrowdstrike.com,27-Jul-2024 00:05:56 - UTC,microsoftoutagescrowdstrike.com
crowdstrikerecovery.info,27-Jul-2024 00:05:41 - UTC,N/A
www.crowdstrikelawsuit.com,27-Jul-2024 00:04:54 - UTC,crowdstrikelawsuit.com
www.crowdstrikepatch.com,27-Jul-2024 00:04:35 - UTC,N/A
crowdstrike.knoji.com,27-Jul-2024 00:03:42 - UTC,CrowdStrike Review | Crowdstrike.com Ratings & Customer Reviews – Jul '24
www.ww38.crowdstrikeclassaction.com.au,27-Jul-2024 00:03:18 - UTC,N/A
www3.crowdstrikebsod.co,27-Jul-2024 00:02:38 - UTC,crowdstrikebsod.co
www.crowdstrike.us.org,27-Jul-2024 00:02:11 - UTC,crowdstrike.us.org - crowdstrike Resources and Information.
www.fix-crowdstrike.com,27-Jul-2024 00:01:36 - UTC,Global IT Crowdstrike Outage Recovery
crowdstrike-fix.zip,27-Jul-2024 00:01:21 - UTC,N/A
www.crowdstrikelawsuit.com,27-Jul-2024 00:00:37 - UTC,crowdstrikelawsuit.com
www.crowdstrikeoutage.com,27-Jul-2024 00:00:09 - UTC,crowdstrikeoutage.com - crowdstrikeoutage Resources and Information.
crowdstrikesupport.info,26-Jul-2024 23:57:35 - UTC,N/A
www.ww25.crowdstrikeclassaction.com.au,26-Jul-2024 23:52:50 - UTC,N/A
www.crowdstriked.net,26-Jul-2024 23:47:12 - UTC,crowdstriked.net - Informationen zum Thema crowdstriked.
howtofixcrowdstrikeissue.com,26-Jul-2024 23:36:51 - UTC,How to Fix CrowdStrike Issue?
www.crowdstrikefix.zip,26-Jul-2024 23:31:40 - UTC,Coming Soon
www.ww25.crowdstrikeclassaction.com.au,26-Jul-2024 23:26:53 - UTC,N/A
crowdstrikefix.zip,26-Jul-2024 23:21:14 - UTC,Coming Soon
www.fixcrowdstrike.com.au,26-Jul-2024 23:16:29 - UTC,N/A
crowdstrikeglitch.com,26-Jul-2024 23:10:54 - UTC,crowdstrikeglitch.com
www.crowdstrikekernelcar.com,26-Jul-2024 23:05:41 - UTC,crowdstrikekernelcar.com
www.crowdstrikekernelcar.com,26-Jul-2024 23:00:30 - UTC,crowdstrikekernelcar.com
www.crowdstrikemedaddy.com,26-Jul-2024 22:55:20 - UTC,Home
www.sinkhole-d845c7b471d9adc14942f95105d5ffcf.crowdstrikeupdate.com,26-Jul-2024 22:50:09 - UTC,crowdstrikeupdate.com
crowdstrikeplatform.com,26-Jul-2024 22:44:58 - UTC,porkbun.com | parked domain
crowdstrikeoopsies.com,26-Jul-2024 22:40:11 - UTC,N/A
www3.crowdstrike-bsod.co,26-Jul-2024 22:34:35 - UTC,crowdstrike-bsod.co
www.crowdstrike.s4io.live,26-Jul-2024 22:29:24 - UTC,s4io.live - Informationen zum Thema s4io.
crowdstrikerecovery.pro,26-Jul-2024 22:24:39 - UTC,N/A
crowdstrikeoopsie.com,26-Jul-2024 22:19:02 - UTC,BEST EDR LMAO
www3.crowdstrike-bsod.co,26-Jul-2024 22:08:41 - UTC,crowdstrike-bsod.co
knoji.com,26-Jul-2024 22:03:32 - UTC,"Knoji - Promo Codes, Brand Reviews, and Shopping Research"
www.crowdstrikeoopsies.com,26-Jul-2024 21:58:19 - UTC,crowdstrikeoopsies.com - Informationen zum Thema crowdstrikeoopsies.
areyouaffectedbycrowdstrike.info,26-Jul-2024 21:53:34 - UTC,N/A
www.crowdstrike-out.com,26-Jul-2024 21:48:22 - UTC,N/A
crowdstrikefix.in,26-Jul-2024 21:43:03 - UTC,N/A
www.crowdstrikeupdate.com,26-Jul-2024 21:32:23 - UTC,crowdstrikeupdate.com
crowdstrikecure.com,26-Jul-2024 21:27:37 - UTC,N/A
crowdstrikemedaddy.com,26-Jul-2024 21:23:20 - UTC,N/A
ww01.russian.company,26-Jul-2024 21:21:54 - UTC,russian.company
publicd845c7b471d9adc14942f95105d5ffcf.crowdstrikeupdate.com,26-Jul-2024 21:21:29 - UTC,crowdstrikeupdate.com
crowdstrikemedaddy.com,26-Jul-2024 21:21:19 - UTC,crowdstrikemedaddy.com
howtofixcrowdstrikeissue.com,26-Jul-2024 21:16:42 - UTC,How to Fix CrowdStrike Issue?
crowdstrike-fix.sumanrajsolutions.in,26-Jul-2024 21:11:37 - UTC,How to Boot a Pendrive with ISO
www.fixcrowdstrike.com,26-Jul-2024 21:06:20 - UTC,fixcrowdstrike.com - fixcrowdstrike Resources and Information.
www.crowdstrike.bot,26-Jul-2024 21:01:07 - UTC,crowdstrike.bot - crowdstrike Resources and Information.
www.crowdstrike.ws,26-Jul-2024 20:55:55 - UTC,crowdstrike.ws - Informationen zum Thema crowdstrike.
crowdstrikefix.co,26-Jul-2024 20:51:09 - UTC,N/A
www.crowdstrike-fix.zip,26-Jul-2024 20:45:37 - UTC,crowdstrike-fix.zip - crowdstrike fix Resources and Information.
www.crowdstrikezeroday.com,26-Jul-2024 20:40:25 - UTC,crowdstrikezeroday.com - crowdstrikezeroday Resources and Information.
www.sinkholed845c7b471d9adc14942f95105d5ffcf.crowdstrikeupdate.com,26-Jul-2024 20:35:35 - UTC,crowdstrikeupdate.com
www.crowdstrikesupport.info,26-Jul-2024 20:30:03 - UTC,N/A
knoji.com,26-Jul-2024 20:09:19 - UTC,"Knoji - Promo Codes, Brand Reviews, and Shopping Research"
ww25.ww38.crowdstrikeclassaction.com.au,26-Jul-2024 20:07:55 - UTC,N/A
crowdstrikebug.com,26-Jul-2024 20:04:07 - UTC,"CrowdStrike Bug and Fix | This is a website dedicated to understand more about the incident that happened on July 18, 2024 due to software update from CrowdStike."
ww16.crowdstrikeclassaction.com.au,26-Jul-2024 19:58:57 - UTC,crowdstrikeclassaction.com.au - This website is for sale! - crowdstrikeclassaction Resources and Information.
crowdstrikeoutage.info,26-Jul-2024 19:53:54 - UTC,CrowdStrikeOutage - Get Latest Info About Microsoft Outage
britishairways.crowdstrike.feedback,26-Jul-2024 19:48:34 - UTC,ERR_NGROK_3200 - Tunnel britishairways.crowdstrike.feedback not found
iscrowdstrikefixed.com,26-Jul-2024 19:43:20 - UTC,Is CrowdStrike Issue Fixed Yet?
www3.crowdstrikefix.co,26-Jul-2024 19:38:10 - UTC,crowdstrikefix.co
www.microsoftoutagescrowdstrike.com,26-Jul-2024 19:32:58 - UTC,microsoftoutagescrowdstrike.com
www.crowdstrikefix.blog,26-Jul-2024 19:28:12 - UTC,N/A
www.crowdstrikeclassaction.com.au,26-Jul-2024 19:22:59 - UTC,N/A
crowdstrikekernelcar.com,26-Jul-2024 19:17:25 - UTC,crowdstrikekernelcar.com
crowdstrikeout.com,26-Jul-2024 19:12:04 - UTC,N/A
crowdstrikemedaddy.com,26-Jul-2024 19:06:43 - UTC,N/A
fixcrowdstrike.com.au,26-Jul-2024 19:01:28 - UTC,Fix Crowd Strike
crowdstrike.s4io.live,26-Jul-2024 18:56:15 - UTC,s4io.live - Informationen zum Thema s4io.
crowdstrikeclassaction.com.au,26-Jul-2024 18:53:53 - UTC,N/A
www.crowdstrike.bot,26-Jul-2024 18:51:04 - UTC,crowdstrike.bot - Informationen zum Thema crowdstrike.
www.fixcrowdstrike.com,26-Jul-2024 18:45:54 - UTC,fixcrowdstrike.com - fixcrowdstrike Resources and Information.
crowdstrikeupdates.account-maintenance.com,26-Jul-2024 18:41:28 - UTC,Proofpoint Security Awareness Training
www.supportcrowdstrike.lol,26-Jul-2024 18:41:12 - UTC,N/A
www.crowdstriked.net,26-Jul-2024 18:35:40 - UTC,crowdstriked.net - Informationen zum Thema crowdstriked.
www.crowdstrikefix.info,26-Jul-2024 18:30:47 - UTC,N/A
www.crowdstrikeglitch.com,26-Jul-2024 18:25:10 - UTC,crowdstrikeglitch.com
www.crowdstrike-solutions.nl,26-Jul-2024 18:20:00 - UTC,TransIP - Reserved domainBezet!
en.wikipedia.org,26-Jul-2024 18:14:53 - UTC,CrowdStrike - Wikipedia
www.crowdstrike.s4io.live,26-Jul-2024 18:09:37 - UTC,s4io.live - s4io Resources and Information.
www.crowdstrike-solutions.nl,26-Jul-2024 18:06:34 - UTC,TransIP - Reserved domainBezet!
www.crowdstrikeoutage.info,26-Jul-2024 17:59:09 - UTC,CrowdStrikeOutage - Get Latest Info About Microsoft Outage
publiccrowdstrike.develop.net,26-Jul-2024 17:57:24 - UTC,develop.net
crowdstrikeoops.com,26-Jul-2024 17:54:20 - UTC,N/A
www.areyouaffectedbycrowdstrike.info,26-Jul-2024 17:49:21 - UTC,N/A
publicwww.d845c7b471d9adc14942f95105d5ffcf.crowdstrikeupdate.com,26-Jul-2024 17:46:41 - UTC,crowdstrikeupdate.com
www.crowdstrike.cam,26-Jul-2024 17:43:33 - UTC,crowdstrike.cam - crowdstrike Resources and Information.
www.crowdstrikesettlement.com,26-Jul-2024 17:33:10 - UTC,crowdstrikesettlement.com - Informationen zum Thema crowdstrikesettlement.
fixmycrowdstrike.com,26-Jul-2024 17:17:56 - UTC,Error
ww25.crowdstrikeclassaction.com.au,26-Jul-2024 17:12:59 - UTC,N/A
crowdstrikepatch.com,26-Jul-2024 17:07:16 - UTC,crowdstrikepatch.com - Informationen zum Thema crowdstrikepatch.
crowdstrikeplatform.info,26-Jul-2024 17:02:06 - UTC,porkbun.com | parked domain
www.fix-crowdstrike.com,26-Jul-2024 16:56:54 - UTC,Global IT Crowdstrike Outage Recovery
www.crowdstrike-falcon.online,26-Jul-2024 16:51:41 - UTC,crowdstrike-falcon.online - Informationen zum Thema crowdstrike falcon.
fixcrowdstrike.com.au,26-Jul-2024 16:46:34 - UTC,Fix Crowd Strike
crowdstrike.bot,26-Jul-2024 16:41:46 - UTC,N/A
crowdstrike.us.org,26-Jul-2024 16:36:34 - UTC,N/A
www.ww16.crowdstrikeclassaction.com.au,26-Jul-2024 16:31:24 - UTC,N/A
publicwww.d845c7b471d9adc14942f95105d5ffcf.crowdstrikeupdate.com,26-Jul-2024 16:20:11 - UTC,crowdstrikeupdate.com
crowdstrikezeroday.com,26-Jul-2024 16:15:51 - UTC,N/A
supportcrowdstrike.blog,26-Jul-2024 16:05:29 - UTC,N/A
www.crowdstrike.one,26-Jul-2024 15:59:52 - UTC,crowdstrike.one - Informationen zum Thema crowdstrike.
www3.crowdstrike-bsod.co,26-Jul-2024 15:54:41 - UTC,crowdstrike-bsod.co
www.ww16.crowdstrikeclassaction.com.au,26-Jul-2024 15:50:52 - UTC,N/A
iscrowdstrikefixed.com,26-Jul-2024 15:44:19 - UTC,Is CrowdStrike Issue Fixed Yet?
crowdstrike.a.russian.company,26-Jul-2024 15:39:14 - UTC,russian.company
www.microsoftcrowdstrike.com,26-Jul-2024 15:33:57 - UTC,2024 CrowdStrike incident | Windows CrowdStrike
crowdstrike0day.com,26-Jul-2024 15:32:44 - UTC,Coming Soon
www.crowdstrikeclassaction.com,26-Jul-2024 15:28:49 - UTC,crowdstrikeclassaction.com
crowdstrike.cam,26-Jul-2024 15:23:59 - UTC,N/A
www.crowdstrike-ab1.pages.dev,26-Jul-2024 15:18:55 - UTC,Deployment Not Found
www.secure-crowdstrike.com,26-Jul-2024 15:13:11 - UTC,N/A
www.crowdstrike-falcon.online,26-Jul-2024 15:07:55 - UTC,crowdstrike-falcon.online - Informationen zum Thema crowdstrike falcon.
www.suportecrowdstrike.com,26-Jul-2024 15:02:56 - UTC,N/A
www.crowdstrikeplatform.info,26-Jul-2024 14:57:34 - UTC,N/A
crowdstrikebluescreen.com,26-Jul-2024 14:47:36 - UTC,Crowdstrike Bluescreens Have You Down?  Let Us Help You Get Back Up!
www.crowdstrikesuporte.com,26-Jul-2024 14:42:23 - UTC,N/A
www.ww16.crowdstrikeclassaction.com.au,26-Jul-2024 14:37:12 - UTC,N/A
ww01.russian.company,26-Jul-2024 14:26:26 - UTC,russian.company
crowdstrikeout.com,26-Jul-2024 14:21:14 - UTC,porkbun.com | parked domain
www.crowdstrike.outage.com,26-Jul-2024 14:16:04 - UTC,outage.com
crowdstrikeclassaction.com,26-Jul-2024 14:10:56 - UTC,crowdstrikeclassaction.com
crowdstrikelawsuit.com,26-Jul-2024 14:05:54 - UTC,crowdstrikelawsuit.com
crowdstrike-falcon.online,26-Jul-2024 13:55:32 - UTC,N/A
www.crowdstrikeoops.com,26-Jul-2024 13:50:37 - UTC,crowdstrikeoops.com - Informationen zum Thema crowdstrikeoops.
crowdstrikesupport.info,26-Jul-2024 13:45:04 - UTC,porkbun.com | parked domain
crowdstrikehelp.com,26-Jul-2024 13:39:53 - UTC,porkbun.com | parked domain
crowdstrike-solutions.nl,26-Jul-2024 13:35:43 - UTC,TransIP - Reserved domainBezet!
www.ww38.crowdstrikeclassaction.com.au,26-Jul-2024 13:29:34 - UTC,N/A
crowdstrike.develop.net,26-Jul-2024 13:23:58 - UTC,Error
www.crowdstrikeplatform.com,26-Jul-2024 13:18:47 - UTC,N/A
www.crowdstrikeclassaction.com,26-Jul-2024 13:18:39 - UTC,crowdstrikeclassaction.com
www.crowdstrikepatch.com,26-Jul-2024 13:13:38 - UTC,crowdstrikepatch.com - crowdstrikepatch Resources and Information.
isitcrowdstrike.com,26-Jul-2024 13:08:22 - UTC,Is it Crowdstrike?
crowdstrikeoutage.com,26-Jul-2024 13:03:36 - UTC,N/A
crowdstrikehelp.com,26-Jul-2024 12:57:59 - UTC,N/A
www.fix-crowdstrike.com,26-Jul-2024 12:52:39 - UTC,Global IT Crowdstrike Outage Recovery
iscrowdstrikefixed.com,26-Jul-2024 12:47:38 - UTC,Is CrowdStrike Issue Fixed Yet?
www.crowdstrike.develop.net,26-Jul-2024 12:42:22 - UTC,develop.net
crowdstrikeplatform.com,26-Jul-2024 12:32:09 - UTC,N/A
www.microsoftcrowdstrike.com,26-Jul-2024 12:27:42 - UTC,2024 CrowdStrike incident | Windows CrowdStrike
crowdstrikerecovery1.blob.core.windows.net,26-Jul-2024 12:26:50 - UTC,N/A
www.crowdstrikeupdate.com,26-Jul-2024 12:21:54 - UTC,crowdstrikeupdate.com
crowdstrike.outage.com,26-Jul-2024 12:11:11 - UTC,outage.com
www.crowdstrike.blue,26-Jul-2024 12:06:03 - UTC,crowdstrike.blue - Informationen zum Thema crowdstrike.
crowdstriked.net,26-Jul-2024 12:01:10 - UTC,N/A
stepwell-crowdstrike-nifi-npsecure.bikeshare.ae,26-Jul-2024 12:00:03 - UTC,bikeshare.ae
www.crowdstrikeclaim.com,26-Jul-2024 11:57:14 - UTC,CrowdStrike Outage Claim Lawyers
www.crowdstrikeclaim.com,26-Jul-2024 11:55:34 - UTC,CrowdStrike Outage Claim Lawyers
www.crowdstrikemedaddy.com,26-Jul-2024 11:50:23 - UTC,Home
crowdstrike.blue,26-Jul-2024 11:45:14 - UTC,crowdstrike.blue - crowdstrike Resources and Information.
www.crowdstrikeoutage.com,26-Jul-2024 11:40:07 - UTC,crowdstrikeoutage.com - Informationen zum Thema crowdstrikeoutage.
crowdstrikefail.com,26-Jul-2024 11:34:51 - UTC,BEST EDR LMAO
www.crowdstrikeoops.com,26-Jul-2024 11:24:32 - UTC,crowdstrikeoops.com - Informationen zum Thema crowdstrikeoops.
www.crowdstrike.blue,26-Jul-2024 11:19:20 - UTC,crowdstrike.blue - Informationen zum Thema crowdstrike.
www.crowdstrike.cam,26-Jul-2024 11:14:08 - UTC,crowdstrike.cam - crowdstrike Resources and Information.
www.secure-crowdstrike.com,26-Jul-2024 11:09:21 - UTC,N/A
crowdstrikerecovery.cn,26-Jul-2024 11:07:45 - UTC,Welcome to XAMPP
www.urbandictionary.com,26-Jul-2024 11:07:40 - UTC,Urban Dictionary: Lose The Game
www1.crowdstrikeclassactionlawsuit.com,26-Jul-2024 11:07:37 - UTC,Verdaccio
www.urbandictionary.com,26-Jul-2024 11:07:34 - UTC,Urban Dictionary: Lose The Game
crowdstrike.ee,26-Jul-2024 11:03:51 - UTC,Der Domainname crowdstrike.ee steht zum Verkauf.
www.crowdstrike.one,26-Jul-2024 10:58:34 - UTC,crowdstrike.one - Informationen zum Thema crowdstrike.
crowdstrike.one,26-Jul-2024 10:53:49 - UTC,N/A
www.sinkholed845c7b471d9adc14942f95105d5ffcf.crowdstrikeupdate.com,26-Jul-2024 10:48:14 - UTC,crowdstrikeupdate.com
crowdstrikewatch.com,26-Jul-2024 10:43:03 - UTC,CrowdStrike Watch
crowdstrikesettlement.com,26-Jul-2024 10:32:41 - UTC,crowdstrikesettlement.com - crowdstrikesettlement Resources and Information.
www.crowdstrikebsod.co,26-Jul-2024 10:28:04 - UTC,N/A
crowdstrikeupdate.com,26-Jul-2024 10:22:18 - UTC,crowdstrikeupdate.com
www.microsoftcrowdstrike.com,26-Jul-2024 10:17:10 - UTC,2024 CrowdStrike incident | Windows CrowdStrike
www.microsoftcrowdstrike.com,26-Jul-2024 10:11:59 - UTC,2024 CrowdStrike incident | Windows CrowdStrike
www.crowdstrikefix.in,26-Jul-2024 10:06:49 - UTC,N/A
www.fixmycrowdstrike.com,26-Jul-2024 09:56:23 - UTC,Error
www.crowdstrike.develop.net,26-Jul-2024 09:51:11 - UTC,develop.net
ww38.crowdstrikeclassaction.com.au,26-Jul-2024 09:45:59 - UTC,crowdstrikeclassaction.com.au
www.crowdstrikefix.zip,26-Jul-2024 09:40:47 - UTC,Coming Soon
www.crowdstrikeclassaction.com.au,26-Jul-2024 09:26:13 - UTC,N/A
crowdstrikerecovery.live,26-Jul-2024 09:20:26 - UTC,N/A
magento.crowdstrike.litemos.com,26-Jul-2024 09:09:48 - UTC,litemos.com
www.crowdstrike-fix.zip,26-Jul-2024 08:59:22 - UTC,crowdstrike-fix.zip - crowdstrike fix Risorse e informazione.
www.crowdstrikeglitch.com,26-Jul-2024 08:54:08 - UTC,crowdstrikeglitch.com
iscrowdstrikestilldown.com,26-Jul-2024 08:48:56 - UTC,Is CrowdStrike Still Down?
crowdstrike.ee,26-Jul-2024 08:39:08 - UTC,N/A
www.magento.crowdstrike.litemos.com,26-Jul-2024 08:28:06 - UTC,litemos.com
www.crowdstrikeoopsies.com,26-Jul-2024 08:22:52 - UTC,crowdstrikeoopsies.com - Informationen zum Thema crowdstrikeoopsies.
howtofixcrowdstrikeissue.com,26-Jul-2024 08:17:41 - UTC,How to Fix CrowdStrike Issue?
www.crowdstrikehelp.com,26-Jul-2024 08:12:32 - UTC,N/A
www.crowdstrikebsod.co,26-Jul-2024 08:07:44 - UTC,N/A
crowdstrike.orora.group,26-Jul-2024 08:02:06 - UTC,503 Service Temporarily Unavailable
www.supportcrowdstrike.blog,26-Jul-2024 07:57:20 - UTC,N/A
isitcrowdstrike.com,26-Jul-2024 07:54:43 - UTC,Is it Crowdstrike?
crowdstrikemedaddy.com,26-Jul-2024 07:53:39 - UTC,crowdstrikemedaddy.com
www.sinkhole-d845c7b471d9adc14942f95105d5ffcf.crowdstrikeupdate.com,26-Jul-2024 07:51:59 - UTC,crowdstrikeupdate.com
www.crowdstrikefix.in,26-Jul-2024 07:46:43 - UTC,www.crowdstrikefix.in
www.fixmycrowdstrike.com,26-Jul-2024 07:41:20 - UTC,Error
fixcrowdstrike.com,26-Jul-2024 07:31:22 - UTC,N/A
sinkholed845c7b471d9adc14942f95105d5ffcf.crowdstrikeupdate.com,26-Jul-2024 07:25:46 - UTC,crowdstrikeupdate.com
www.crowdstrikezeroday.com,26-Jul-2024 06:51:32 - UTC,crowdstrikezeroday.com - crowdstrikezeroday Resources and Information.
www.crowdstrikeoutage.com,26-Jul-2024 06:51:31 - UTC,crowdstrikeoutage.com - crowdstrikeoutage Resources and Information.
crowdstrikeoopsie.com,26-Jul-2024 06:51:28 - UTC,BEST EDR LMAO
spain.crowdstrikebenefits.com,26-Jul-2024 06:22:43 - UTC,CrowdStrike
crowdstrikerecovery.cn,26-Jul-2024 05:51:28 - UTC,Welcome to XAMPP
supportportal-crowdstrike-com.translate.goog,26-Jul-2024 05:05:42 - UTC,Google Translate
iscrowdstrikedown.com,26-Jul-2024 04:58:26 - UTC,N/A
crowdstrikeclassaction.com,26-Jul-2024 04:58:24 - UTC,crowdstrikeclassaction.com
www.crowdstrikezeroday.com,26-Jul-2024 04:40:45 - UTC,crowdstrikezeroday.com - Informationen zum Thema crowdstrikezeroday.
d845c7b471d9adc14942f95105d5ffcf.crowdstrikeupdate.com,26-Jul-2024 04:36:57 - UTC,crowdstrikeupdate.com
sinkholed845c7b471d9adc14942f95105d5ffcf.crowdstrikeupdate.com,26-Jul-2024 04:26:48 - UTC,crowdstrikeupdate.com
www.crowdstrike.bot,26-Jul-2024 04:24:06 - UTC,crowdstrike.bot - Informationen zum Thema crowdstrike.
crowdstrikeoopsie.com,26-Jul-2024 04:23:15 - UTC,BEST EDR LMAO
www-crowdstrike-com.translate.goog,26-Jul-2024 03:39:35 - UTC,Google Translate
crowdstrikebusiness.denarii.cash,26-Jul-2024 02:24:34 - UTC,denarii.cash
crowdstrike.mystaffingpro.com,26-Jul-2024 02:00:58 - UTC,N/A
crowdstrike.blue,26-Jul-2024 01:49:12 - UTC,crowdstrike.blue - crowdstrike Risorse e informazione.
stepwell-crowdstrike-nifi-npdev.denarii.cash,26-Jul-2024 01:03:41 - UTC,N/A
www.microsoftcrowdstrike.com,26-Jul-2024 00:32:33 - UTC,N/A
www.microsoftcrowdstrike.com,26-Jul-2024 00:02:35 - UTC,N/A
supportportal-crowdstrike-com.translate.goog,25-Jul-2024 23:48:40 - UTC,Google Translate
crowdstrikestaging.com,25-Jul-2024 22:38:53 - UTC,Coming Soon
fuckcrowdstrike.com,25-Jul-2024 21:33:45 - UTC,N/A
iscrowdstrikedown.com,25-Jul-2024 21:33:27 - UTC,N/A
crowdstrikemedaddy.com,25-Jul-2024 21:23:47 - UTC,crowdstrikemedaddy.com
crowdstrikemedaddy.com,25-Jul-2024 20:55:16 - UTC,crowdstrikemedaddy.com
dan.com,25-Jul-2024 20:40:32 - UTC,Der Domainname crowdstrikewhisper.com steht zum Verkauf. | Dan.com
us-2crowdstrike.com,25-Jul-2024 19:55:55 - UTC,N/A
theysaycrowdstrike.com,25-Jul-2024 19:55:38 - UTC,They Say Crowdstrike
en.wikipedia.org,25-Jul-2024 19:55:32 - UTC,CrowdStrike - Wikipedia
recoverycrowdstrike.com,25-Jul-2024 19:55:25 - UTC,Welcome to XAMPP
www.microsoftcrowdstrike.com,25-Jul-2024 19:55:15 - UTC,2024 CrowdStrike incident | Windows CrowdStrike
isitcrowdstrike.com,25-Jul-2024 19:55:14 - UTC,Is it Crowdstrike?
microsoftoutagescrowdstrike.com,25-Jul-2024 19:55:12 - UTC,microsoftoutagescrowdstrike.com
iscrowdstrikestilldown.com,25-Jul-2024 19:55:09 - UTC,Is CrowdStrike Still Down?
iscrowdstrikefixed.com,25-Jul-2024 19:55:08 - UTC,Is CrowdStrike Issue Fixed Yet?
iscrowdstrikedown.com,25-Jul-2024 19:55:08 - UTC,N/A
www.fix-crowdstrike.com,25-Jul-2024 19:55:08 - UTC,Global IT Crowdstrike Outage Recovery
howtofixcrowdstrikeissue.com,25-Jul-2024 19:55:08 - UTC,How to Fix CrowdStrike Issue?
iscrowdstrikedown.com,25-Jul-2024 19:55:07 - UTC,N/A
www.fixcrowdstrike.com,25-Jul-2024 19:55:05 - UTC,fixcrowdstrike.com - fixcrowdstrike Ressourcer og information.
fixmycrowdstrike.com,25-Jul-2024 19:55:01 - UTC,Error
www.crowdstrikezeroday.com,25-Jul-2024 19:54:59 - UTC,crowdstrikezeroday.com - crowdstrikezeroday Ressourcer og information.
dan.com,25-Jul-2024 19:50:37 - UTC,The domain name crowdstrikewhisper.com is for sale | Dan.com
crowdstrikewatch.com,25-Jul-2024 19:50:30 - UTC,CrowdStrike Watch
crowdstrikeuk.com,25-Jul-2024 19:50:15 - UTC,Error
dan.com,25-Jul-2024 19:50:09 - UTC,The domain name crowdstrikevision.com is for sale | Dan.com
crowdstrikeupdate.com,25-Jul-2024 19:50:08 - UTC,crowdstrikeupdate.com
crowdstrikesupport.info,25-Jul-2024 19:49:52 - UTC,porkbun.com | parked domain
crowdstrikestaging.com,25-Jul-2024 19:49:33 - UTC,Coming Soon
crowdstrikereposify.dev,25-Jul-2024 19:48:41 - UTC,N/A
crowdstrikereposify.app,25-Jul-2024 19:48:38 - UTC,N/A
crowdstrikesettlement.com,25-Jul-2024 19:48:37 - UTC,crowdstrikesettlement.com - crowdstrikesettlement Ressourcer og information.
crowdstrikereposify.info,25-Jul-2024 19:48:34 - UTC,N/A
crowdstrikereposify.com,25-Jul-2024 19:48:24 - UTC,N/A
crowdstrikereposify.net,25-Jul-2024 19:48:24 - UTC,N/A
crowdstrikereposify.network,25-Jul-2024 19:48:22 - UTC,N/A
crowdstrikereposify.org,25-Jul-2024 19:48:21 - UTC,N/A
crowdstrikehome.net,25-Jul-2024 19:48:12 - UTC,N/A
crowdstriker.com,25-Jul-2024 19:48:10 - UTC,The domain name CrowdStriker.com is for sale
www.crowdstrikeoutage.com,25-Jul-2024 19:48:05 - UTC,crowdstrikeoutage.com - crowdstrikeoutage Ressourcer og information.
crowdstrikeout.com,25-Jul-2024 19:48:03 - UTC,porkbun.com | parked domain
crowdstrikeplatform.info,25-Jul-2024 19:47:57 - UTC,porkbun.com | parked domain
www.crowdstrikelab.com,25-Jul-2024 19:47:54 - UTC,Site en construction
crowdstrikeplatform.com,25-Jul-2024 19:47:54 - UTC,porkbun.com | parked domain
www.crowdstrikeoopsies.com,25-Jul-2024 19:47:53 - UTC,crowdstrikeoopsies.com - crowdstrikeoopsies Ressourcer og information.
crowdstrikehome.org,25-Jul-2024 19:47:51 - UTC,N/A
crowdstrikeoutage.info,25-Jul-2024 19:47:50 - UTC,CrowdStrikeOutage - Get Latest Info About Microsoft Outage
crowdstrikeoptimizer.com,25-Jul-2024 19:47:49 - UTC,crowdstrikeoptimizer.com is coming soon
crowdstrikepatch.com,25-Jul-2024 19:47:48 - UTC,crowdstrikepatch.com - crowdstrikepatch Ressourcer og information.
www.crowdstrikeoops.com,25-Jul-2024 19:47:46 - UTC,crowdstrikeoops.com - crowdstrikeoops Ressourcer og information.
crowdstrikeotsettlement.com,25-Jul-2024 19:47:46 - UTC,Microsoft Azure App Service - Welcome
crowdstrikeoopsie.com,25-Jul-2024 19:47:45 - UTC,BEST EDR LMAO
www.crowdstrikemdr.com,25-Jul-2024 19:47:42 - UTC,crowdstrikemdr.com - crowdstrikemdr Ressourcer og information.
crowdstrikeforhome.org,25-Jul-2024 19:47:40 - UTC,N/A
crowdstrikeforhome.net,25-Jul-2024 19:47:40 - UTC,N/A
crowdstrikemedaddy.com,25-Jul-2024 19:47:40 - UTC,crowdstrikemedaddy.com
crowdstrikelawsuit.com,25-Jul-2024 19:47:34 - UTC,crowdstrikelawsuit.com
crowdstrikekernelcar.com,25-Jul-2024 19:47:31 - UTC,crowdstrikekernelcar.com
crowdstrikeglitch.com,25-Jul-2024 19:47:25 - UTC,crowdstrikeglitch.com
crowdstrikehelp.com,25-Jul-2024 19:47:25 - UTC,porkbun.com | parked domain
crowdstrikehelp.info,25-Jul-2024 19:47:24 - UTC,porkbun.com | parked domain
www.urbandictionary.com,25-Jul-2024 19:47:22 - UTC,Urban Dictionary: Lose The Game
crowdstrikefix.zip,25-Jul-2024 19:47:13 - UTC,Coming Soon
crowdstrikefail.com,25-Jul-2024 19:46:59 - UTC,BEST EDR LMAO
iscrowdstrikedown.com,25-Jul-2024 19:32:08 - UTC,N/A
crowdstrikedoomsday.com,25-Jul-2024 19:32:05 - UTC,CrowdStrike Doomsday
www.crowdstriked.net,25-Jul-2024 19:31:22 - UTC,crowdstriked.net - crowdstriked Ressourcer og information.
crowdstrikeathome.org,25-Jul-2024 19:30:38 - UTC,N/A
www.crowdstrikeclaim.com,25-Jul-2024 19:30:00 - UTC,CrowdStrike Outage Claim Lawyers
www1.crowdstrikeclassactionlawsuit.com,25-Jul-2024 19:29:58 - UTC,Verdaccio
crowdstrikeclassaction.com,25-Jul-2024 19:29:58 - UTC,crowdstrikeclassaction.com
crowdstrikeathome.net,25-Jul-2024 19:29:57 - UTC,N/A
crowdstrikebug.com,25-Jul-2024 19:29:43 - UTC,"CrowdStrike Bug and Fix | This is a website dedicated to understand more about the incident that happened on July 18, 2024 due to software update from CrowdStike."
crowdstrikebluescreen.com,25-Jul-2024 19:29:42 - UTC,Crowdstrike Bluescreens Have You Down?  Let Us Help You Get Back Up!
crowdstrikebenefits.com,25-Jul-2024 19:29:41 - UTC,CrowdStrike
crowdstrike5.shop,25-Jul-2024 19:29:36 - UTC,Parked Domain name on Hostinger DNS system
crowdstrike4.shop,25-Jul-2024 19:29:28 - UTC,Parked Domain name on Hostinger DNS system
crowdstrike24.site,25-Jul-2024 19:29:24 - UTC,Crowdstrike24
crowdstrike3.shop,25-Jul-2024 19:29:24 - UTC,Parked Domain name on Hostinger DNS system
crowdstrike1.shop,25-Jul-2024 19:29:22 - UTC,Parked Domain name on Hostinger DNS system
crowdstrike24.online,25-Jul-2024 19:29:22 - UTC,CrowdStrike24
crowdstrike2.shop,25-Jul-2024 19:29:20 - UTC,Parked Domain name on Hostinger DNS system
crowdstrike0day.com,25-Jul-2024 19:29:18 - UTC,Coming Soon
crowdstrike.wiki,25-Jul-2024 19:29:16 - UTC,Crowdstrike.wiki -
crowdstrike.pro,25-Jul-2024 19:27:40 - UTC,N/A
www.aec.com.br,25-Jul-2024 19:27:30 - UTC,N/A
crowdstrike.life,25-Jul-2024 19:27:08 - UTC,Crowdstrike -
crowdstrike.fun,25-Jul-2024 19:27:03 - UTC,Parked Domain name on Hostinger DNS system
crowdstrike.fail,25-Jul-2024 19:26:57 - UTC,BEST EDR LMAO
www.crowdstrike.cam,25-Jul-2024 19:26:51 - UTC,crowdstrike.cam - crowdstrike Ressourcer og information.
crowdstrike.bio,25-Jul-2024 19:26:47 - UTC,Crowdstrike
crowdstrike.blue,25-Jul-2024 19:26:46 - UTC,crowdstrike.blue - crowdstrike Ressourcer og information.
crowdstrike-fix.zip,25-Jul-2024 19:26:40 - UTC,N/A
crowdstrike-testing.com,25-Jul-2024 19:26:38 - UTC,Service - Blocs Templates
crowdstrike-staging.com,25-Jul-2024 19:26:31 - UTC,Coming Soon
alerts-crowdstrike.com,25-Jul-2024 19:26:28 - UTC,N/A
www.crowdstrike-netskope.com,25-Jul-2024 19:26:24 - UTC,Home  | CrowdStrike Netskope
crowdstrike-partners.com,25-Jul-2024 19:26:23 - UTC,Domain parked by OnlyDomains
www.crowdstrike-falcon.online,25-Jul-2024 19:26:17 - UTC,crowdstrike-falcon.online - crowdstrike falcon Ressourcer og information.
www.urbandictionary.com,25-Jul-2024 19:26:17 - UTC,Urban Dictionary: Lose The Game
crowdstrike-helpdesk.com,25-Jul-2024 19:26:16 - UTC,Coming Soon
bca-crowdstrike.goog,25-Jul-2024 19:26:05 - UTC,Error 404 (Not Found)!!1
crowdstrike-fix.zip,25-Jul-2024 18:44:35 - UTC,N/A
crowdstrike-fix.zip,25-Jul-2024 18:44:33 - UTC,N/A
crowdstrike-fix.zip,25-Jul-2024 18:44:27 - UTC,N/A
crowdstrikeclassaction.com.au,25-Jul-2024 18:31:57 - UTC,N/A
en.wikipedia.org,25-Jul-2024 18:27:04 - UTC,CrowdStrike - Wikipedia
recoverycrowdstrike.com,25-Jul-2024 18:26:53 - UTC,Welcome to XAMPP
microsoftoutagescrowdstrike.com,25-Jul-2024 18:26:48 - UTC,microsoftoutagescrowdstrike.com
www.microsoftcrowdstrike.com,25-Jul-2024 18:26:47 - UTC,2024 CrowdStrike incident | Windows CrowdStrike
isitcrowdstrike.com,25-Jul-2024 18:26:45 - UTC,Is it Crowdstrike?
iscrowdstrikestilldown.com,25-Jul-2024 18:26:44 - UTC,Is CrowdStrike Still Down?
iscrowdstrikefixed.com,25-Jul-2024 18:26:43 - UTC,Is CrowdStrike Issue Fixed Yet?
iscrowdstrikedown.com,25-Jul-2024 18:26:42 - UTC,N/A
iscrowdstrikedown.com,25-Jul-2024 18:26:41 - UTC,N/A
howtofixcrowdstrikeissue.com,25-Jul-2024 18:26:41 - UTC,How to Fix CrowdStrike Issue?
www.fixcrowdstrike.com,25-Jul-2024 18:26:38 - UTC,fixcrowdstrike.com - fixcrowdstrike Ressourcer og information.
fixmycrowdstrike.com,25-Jul-2024 18:26:36 - UTC,Error
crowdstrikezerotrust.ws,25-Jul-2024 18:26:36 - UTC,WEBSITE.WS - Your Internet Address For Life™
www.crowdstrikezeroday.com,25-Jul-2024 18:26:36 - UTC,crowdstrikezeroday.com - crowdstrikezeroday Ressourcer og information.
www.fix-crowdstrike.com,25-Jul-2024 18:26:34 - UTC,Global IT Crowdstrike Outage Recovery
www.prettywildworld.com,25-Jul-2024 18:18:36 - UTC,Pretty Wild World | Tickle Your Wanderlust
www.prettywildworld.com,25-Jul-2024 18:17:53 - UTC,Pretty Wild World | Tickle Your Wanderlust
crowdstrikeforhome.org,25-Jul-2024 18:17:08 - UTC,N/A
crowdstrike-solutions.nl,25-Jul-2024 18:16:47 - UTC,TransIP - Reserved domainBezet!
crowdstrikeoopsie.com,25-Jul-2024 18:16:04 - UTC,BEST EDR LMAO
crowdstrikehome.net,25-Jul-2024 18:14:30 - UTC,N/A
crowdstrike.wiki,25-Jul-2024 18:14:17 - UTC,Crowdstrike.wiki -
crowdstrikewatch.com,25-Jul-2024 18:14:16 - UTC,CrowdStrike Watch
crowdstrikeupdate.com,25-Jul-2024 18:14:08 - UTC,crowdstrikeupdate.com
crowdstrikes.ws,25-Jul-2024 18:13:56 - UTC,WEBSITE.WS - Your Internet Address For Life™
crowdstrikesupport.info,25-Jul-2024 18:13:50 - UTC,porkbun.com | parked domain
crowdstrikesettlement.com,25-Jul-2024 18:13:35 - UTC,crowdstrikesettlement.com - crowdstrikesettlement Ressourcer og information.
crowdstrike.pro,25-Jul-2024 18:13:34 - UTC,N/A
crowdstrikereposify.ai,25-Jul-2024 18:13:34 - UTC,N/A
crowdstrike.ru,25-Jul-2024 18:13:33 - UTC,Домен продается. Купить в магазине доменов RU-CENTER
crowdstrikeplatform.info,25-Jul-2024 18:13:10 - UTC,porkbun.com | parked domain
crowdstrikeoutage.info,25-Jul-2024 18:13:07 - UTC,CrowdStrikeOutage - Get Latest Info About Microsoft Outage
www.crowdstrikeoutage.com,25-Jul-2024 18:13:05 - UTC,crowdstrikeoutage.com - crowdstrikeoutage Ressourcer og information.
crowdstrikeplatform.com,25-Jul-2024 18:13:04 - UTC,porkbun.com | parked domain
crowdstrikepatch.com,25-Jul-2024 18:13:02 - UTC,crowdstrikepatch.com - crowdstrikepatch Ressourcer og information.
crowdstrikeout.com,25-Jul-2024 18:13:01 - UTC,porkbun.com | parked domain
crowdstrikeotsettlement.com,25-Jul-2024 18:12:59 - UTC,Microsoft Azure App Service - Welcome
www.crowdstrike.one,25-Jul-2024 18:12:57 - UTC,crowdstrike.one - crowdstrike Ressourcer og information.
www.crowdstrikeoopsies.com,25-Jul-2024 18:12:56 - UTC,crowdstrikeoopsies.com - crowdstrikeoopsies Ressourcer og information.
www.crowdstrikeoops.com,25-Jul-2024 18:12:54 - UTC,crowdstrikeoops.com - crowdstrikeoops Ressourcer og information.
www.crowdstrike-netskope.com,25-Jul-2024 18:12:53 - UTC,Home  | CrowdStrike Netskope
crowdstrikehome.org,25-Jul-2024 18:12:42 - UTC,N/A
crowdstrikemedaddy.com,25-Jul-2024 18:12:40 - UTC,crowdstrikemedaddy.com
crowdstrikekernelcar.com,25-Jul-2024 18:12:34 - UTC,crowdstrikekernelcar.com
crowdstrikelawsuit.com,25-Jul-2024 18:12:33 - UTC,crowdstrikelawsuit.com
dan.com,25-Jul-2024 18:12:33 - UTC,The domain name crowdstrike.kr is for sale | Dan.com
www.crowdstrikeinc.sk,25-Jul-2024 18:12:22 - UTC,"CrowdStrike Inc s.r.o. – distributor umyvacej technologie, security technology solutions "
crowdstrikehelp.info,25-Jul-2024 18:12:17 - UTC,porkbun.com | parked domain
crowdstrikehelp.com,25-Jul-2024 18:12:16 - UTC,porkbun.com | parked domain
crowdstrike-helpdesk.com,25-Jul-2024 18:12:15 - UTC,Coming Soon
crowdstrikeforhome.net,25-Jul-2024 18:09:29 - UTC,N/A
crowdstrikeglitch.com,25-Jul-2024 18:07:31 - UTC,crowdstrikeglitch.com
www.urbandictionary.com,25-Jul-2024 18:06:40 - UTC,Urban Dictionary: Lose The Game
crowdstrike-fix.zip,25-Jul-2024 18:06:15 - UTC,N/A
www.urbandictionary.com,25-Jul-2024 18:06:09 - UTC,Urban Dictionary: Lose The Game
crowdstrikefix.zip,25-Jul-2024 18:05:50 - UTC,Coming Soon
crowdstrikefix.in,25-Jul-2024 18:05:47 - UTC,crowdstrikefix.in
www3.crowdstrikefix.co,25-Jul-2024 18:05:44 - UTC,crowdstrikefix.co
www.crowdstrike-falcon.online,25-Jul-2024 18:05:42 - UTC,crowdstrike-falcon.online - crowdstrike falcon Ressourcer og information.
crowdstrikefail.com,25-Jul-2024 18:05:30 - UTC,BEST EDR LMAO
crowdstrike.fail,25-Jul-2024 18:05:29 - UTC,BEST EDR LMAO
crowdstrike.ee,25-Jul-2024 18:05:16 - UTC,The domain name crowdstrike.ee is for sale
iscrowdstrikedown.com,25-Jul-2024 18:05:12 - UTC,N/A
www.crowdstriked.net,25-Jul-2024 18:05:10 - UTC,crowdstriked.net - crowdstriked Ressourcer og information.
crowdstrikedoomsday.com,25-Jul-2024 18:05:09 - UTC,CrowdStrike Doomsday
crowdstrikeathome.org,25-Jul-2024 18:04:35 - UTC,N/A
www.crowdstrike.cam,25-Jul-2024 18:04:06 - UTC,crowdstrike.cam - crowdstrike Ressourcer og information.
crowdstrikedataproection.ws,25-Jul-2024 18:04:04 - UTC,WEBSITE.WS - Your Internet Address For Life™
crowdstrikedadaprotection.ws,25-Jul-2024 18:04:03 - UTC,WEBSITE.WS - Your Internet Address For Life™
crowdstrikecommunications.ws,25-Jul-2024 18:04:00 - UTC,WEBSITE.WS - Your Internet Address For Life™
crowdstrikeathome.net,25-Jul-2024 18:03:58 - UTC,N/A
crowdstrikebug.com,25-Jul-2024 18:03:54 - UTC,"CrowdStrike Bug and Fix | This is a website dedicated to understand more about the incident that happened on July 18, 2024 due to software update from CrowdStike."
www.crowdstrikeclaim.com,25-Jul-2024 18:03:54 - UTC,CrowdStrike Outage Claim Lawyers
www1.crowdstrikeclassactionlawsuit.com,25-Jul-2024 18:03:52 - UTC,crowdstrikeclassactionlawsuit.com
crowdstrikeclassaction.com,25-Jul-2024 18:03:51 - UTC,crowdstrikeclassaction.com
www3.crowdstrike-bsod.co,25-Jul-2024 18:03:47 - UTC,crowdstrike-bsod.co
crowdstrikebrand.ws,25-Jul-2024 18:03:47 - UTC,WEBSITE.WS - Your Internet Address For Life™
www.crowdstrike.bot,25-Jul-2024 18:03:42 - UTC,crowdstrike.bot - crowdstrike Ressourcer og information.
www3.crowdstrikebsod.co,25-Jul-2024 18:03:41 - UTC,crowdstrikebsod.co
crowdstrikebluescreen.com,25-Jul-2024 18:03:41 - UTC,Crowdstrike Bluescreens Have You Down?  Let Us Help You Get Back Up!
crowdstrikebenefits.com,25-Jul-2024 18:03:38 - UTC,CrowdStrike
crowdstrike.blue,25-Jul-2024 18:03:37 - UTC,crowdstrike.blue - crowdstrike Ressourcer og information.
crowdstrike0day.com,25-Jul-2024 18:03:31 - UTC,Coming Soon
crowdstrikeclassaction.com,25-Jul-2024 16:41:40 - UTC,crowdstrikeclassaction.com
www.crowdstrike.bot,25-Jul-2024 16:08:54 - UTC,crowdstrike.bot - Informationen zum Thema crowdstrike.
www.crowdstrike.cam,25-Jul-2024 15:50:39 - UTC,crowdstrike.cam - Informationen zum Thema crowdstrike.
fixmycrowdstrike.com,25-Jul-2024 15:13:41 - UTC,Error
www.fixcrowdstrike.com,25-Jul-2024 15:06:37 - UTC,fixcrowdstrike.com - fixcrowdstrike Resources and Information.
crowdstrikefix.in,25-Jul-2024 15:00:30 - UTC,crowdstrikefix.in
crowdstrikeclassaction.com,25-Jul-2024 14:54:48 - UTC,crowdstrikeclassaction.com
crowdstrike0day.com,25-Jul-2024 14:36:47 - UTC,Coming Soon
crowdstrike.ee,25-Jul-2024 14:31:41 - UTC,N/A
crowdstrike-fix.zip,25-Jul-2024 14:26:09 - UTC,N/A
crowdstrikekernelcar.com,25-Jul-2024 14:07:18 - UTC,crowdstrikekernelcar.com
crowdstrikehelp.com,25-Jul-2024 13:55:39 - UTC,porkbun.com | parked domain
www.just-eat.co.uk,25-Jul-2024 12:45:33 - UTC,Attention Required! | Cloudflare
www.microsoftoutagescrowdstrike.com,25-Jul-2024 11:22:25 - UTC,microsoftoutagescrowdstrike.com
crowdstrike-solutions.nl,25-Jul-2024 09:18:15 - UTC,TransIP - Reserved domainBezet!
whatiscrowdstrike.com,25-Jul-2024 09:17:17 - UTC,What is Crowdstrike?
thecrowdstrike.com,25-Jul-2024 09:16:48 - UTC,N/A
crowdstrikeupdate.com,25-Jul-2024 09:16:39 - UTC,crowdstrikeupdate.com
www.crowdstrikeclaim.com,25-Jul-2024 09:16:33 - UTC,CrowdStrike Outage Claim Lawyers
crowdstrikefix.zip,25-Jul-2024 09:16:33 - UTC,Coming Soon
iscrowdstrikedown.com,25-Jul-2024 09:16:32 - UTC,N/A
www.microsoftcrowdstrike.com,25-Jul-2024 09:16:25 - UTC,2024 CrowdStrike incident | Windows CrowdStrike
www.crowdstrikeoutage.com,25-Jul-2024 09:16:24 - UTC,crowdstrikeoutage.com - Informationen zum Thema crowdstrikeoutage.
gen.xyz,25-Jul-2024 09:16:22 - UTC,N/A
crowdstrike.orora.group,25-Jul-2024 09:16:16 - UTC,503 Service Temporarily Unavailable
crowdstrike.fix.com,25-Jul-2024 09:16:15 - UTC,Not Found
www.crowdstrike.bot,25-Jul-2024 09:16:13 - UTC,crowdstrike.bot - Informationen zum Thema crowdstrike.
crowdstrike.blue,25-Jul-2024 09:16:12 - UTC,crowdstrike.blue - Informationen zum Thema crowdstrike.
crowdstrike.develop.net,25-Jul-2024 09:16:12 - UTC,develop.net
britishairways.crowdstrike.feedback,25-Jul-2024 09:16:10 - UTC,ERR_NGROK_3200 - Tunnel britishairways.crowdstrike.feedback not found
www.crowdstrike.cam,25-Jul-2024 09:15:59 - UTC,crowdstrike.cam - Informationen zum Thema crowdstrike.
crowdstrike.fail,25-Jul-2024 09:15:56 - UTC,BEST EDR LMAO
crowdstrikeoutage.info,25-Jul-2024 09:15:51 - UTC,CrowdStrikeOutage - Get Latest Info About Microsoft Outage
crowdstrikedoomsday.com,25-Jul-2024 09:15:48 - UTC,CrowdStrike Doomsday
crowdstrike0day.com,25-Jul-2024 09:15:46 - UTC,Coming Soon
crowdstrikebluescreen.com,25-Jul-2024 09:15:43 - UTC,Crowdstrike Bluescreens Have You Down?  Let Us Help You Get Back Up!
crowdstrike-helpdesk.com,25-Jul-2024 09:15:42 - UTC,Coming Soon
www.microsoftcrowdstrike.com,25-Jul-2024 09:10:02 - UTC,2024 CrowdStrike incident | Windows CrowdStrike
www.crowdstrike.bot,25-Jul-2024 09:09:36 - UTC,crowdstrike.bot - Informationen zum Thema crowdstrike.
www.crowdstrike.cam,25-Jul-2024 09:09:34 - UTC,crowdstrike.cam - crowdstrike Resources and Information.
crowdstrike.fail,25-Jul-2024 09:09:34 - UTC,BEST EDR LMAO
crowdstrike.ee,25-Jul-2024 09:09:33 - UTC,Der Domainname crowdstrike.ee steht zum Verkauf.
crowdstrike.blue,25-Jul-2024 09:09:30 - UTC,crowdstrike.blue - Informationen zum Thema crowdstrike.
en.wikipedia.org,25-Jul-2024 08:58:39 - UTC,CrowdStrike - Wikipedia
www.microsoftcrowdstrike.com,25-Jul-2024 08:57:45 - UTC,2024 CrowdStrike incident | Windows CrowdStrike
crowdstrike-helpdesk.com,25-Jul-2024 08:57:43 - UTC,Coming Soon
crowdstrike0day.com,25-Jul-2024 08:57:42 - UTC,Coming Soon
crowdstrikebluescreen.com,25-Jul-2024 08:57:41 - UTC,Crowdstrike Bluescreens Have You Down?  Let Us Help You Get Back Up!
crowdstrikedoomsday.com,25-Jul-2024 08:57:40 - UTC,CrowdStrike Doomsday
www.d845c7b471d9adc14942f95105d5ffcf.crowdstrikeupdate.com,25-Jul-2024 03:41:37 - UTC,crowdstrikeupdate.com
www.sor.com,25-Jul-2024 02:55:00 - UTC,Specter Off-Road
crowdstrikeplatform.info,25-Jul-2024 02:40:00 - UTC,porkbun.com | parked domain
www.crowdstrikeoutage.com,25-Jul-2024 02:09:56 - UTC,crowdstrikeoutage.com - crowdstrikeoutage Resources and Information.
crowdstrikeplatform.info,25-Jul-2024 01:59:26 - UTC,porkbun.com | parked domain
www.crowdstrike.bot,25-Jul-2024 01:54:56 - UTC,crowdstrike.bot - crowdstrike リソースおよび情報
crowdstrikesupport.info,25-Jul-2024 01:54:55 - UTC,porkbun.com | parked domain
crowdstrikeplatform.info,25-Jul-2024 01:54:54 - UTC,porkbun.com | parked domain
crowdstrikehelp.info,25-Jul-2024 01:54:54 - UTC,porkbun.com | parked domain
crowdstrike.blue,25-Jul-2024 01:54:51 - UTC,crowdstrike.blue - crowdstrike リソースおよび情報
crowdstrikeoutage.info,25-Jul-2024 01:54:51 - UTC,CrowdStrikeOutage - Get Latest Info About Microsoft Outage
www.crowdstrike.bot,25-Jul-2024 00:29:54 - UTC,crowdstrike.bot - crowdstrike リソースおよび情報
crowdstrikesupport.info,25-Jul-2024 00:29:53 - UTC,porkbun.com | parked domain
crowdstrikeplatform.info,25-Jul-2024 00:29:52 - UTC,porkbun.com | parked domain
crowdstrikehelp.info,25-Jul-2024 00:29:51 - UTC,porkbun.com | parked domain
crowdstrikeoutage.info,25-Jul-2024 00:29:49 - UTC,CrowdStrikeOutage - Get Latest Info About Microsoft Outage
crowdstrike.blue,25-Jul-2024 00:29:48 - UTC,crowdstrike.blue - crowdstrike リソースおよび情報
land.crowdstrikebenefits.com,24-Jul-2024 20:05:55 - UTC,CrowdStrike
crowdstrikeupdate.srl.ro,24-Jul-2024 20:03:37 - UTC,N/A
crowdstrikegiftcard.com,24-Jul-2024 19:56:34 - UTC,N/A
crowdstrikebluescreen.com,24-Jul-2024 19:19:54 - UTC,Crowdstrike Bluescreens Have You Down?  Let Us Help You Get Back Up!
mailsystem.pt,24-Jul-2024 19:06:46 - UTC,N/A
crowdstriketest.canva-apps.com,24-Jul-2024 19:06:23 - UTC,N/A
ww16.crowdstrike.capethemes.com,24-Jul-2024 19:05:23 - UTC,capethemes.com - This website is for sale! - capethemes Resources and Information.
crowdstrikeccfa200examdumps.hashnode.dev,24-Jul-2024 19:02:06 - UTC,Buck Ivory's blog
ww38.crowdstrike.my.slaesforce.com,24-Jul-2024 19:01:46 - UTC,slaesforce.com
crowdstrikeupdates.account-maintenance.com,24-Jul-2024 19:01:17 - UTC,Proofpoint Security Awareness Training
fuckingcrowdstrike.ltd.co,24-Jul-2024 19:00:34 - UTC,ltd.co - Informationen zum Thema ltd.
crowdstrikeoopsies.nv.com,24-Jul-2024 19:00:11 - UTC,N/A
crowdstrike-fal.con.com,24-Jul-2024 18:59:50 - UTC,con.com
crowdstrikebluefix.ltd.co,24-Jul-2024 18:59:26 - UTC,ltd.co - Informationen zum Thema ltd.
bsodcrowdstrike.or.ro,24-Jul-2024 18:59:10 - UTC,N/A
outagecrowdstrike.nv.com,24-Jul-2024 18:58:36 - UTC,N/A
attack-path-donut-charts.falcon.dodo.crowdstrike.black,24-Jul-2024 18:57:52 - UTC,N/A
ww38.crowdstrike.my.slaesforce.com,24-Jul-2024 18:55:50 - UTC,slaesforce.com
mailsystem.pt,24-Jul-2024 18:47:28 - UTC,N/A
crowdstrikemend.or.ro,24-Jul-2024 18:36:42 - UTC,N/A
crowdstrikesysrescue.or.ro,24-Jul-2024 18:35:50 - UTC,N/A
crowdstrikekernelshield.sa.ro,24-Jul-2024 18:34:59 - UTC,N/A
www.urbandictionary.com,24-Jul-2024 18:15:14 - UTC,Urban Dictionary: Lose The Game
www.urbandictionary.com,24-Jul-2024 18:12:38 - UTC,Urban Dictionary: Lose The Game
crowdstrikemedaddy.com,24-Jul-2024 17:56:27 - UTC,crowdstrikemedaddy.com
crowdstrike-fix.zip,24-Jul-2024 17:52:40 - UTC,N/A
d845c7b471d9adc14942f95105d5ffcf.crowdstrikeupdate.com,24-Jul-2024 17:48:21 - UTC,crowdstrikeupdate.com
crowdstrikebluescreen.com,24-Jul-2024 16:56:37 - UTC,Crowdstrike Bluescreens Have You Down?  Let Us Help You Get Back Up!
crowdstrike-cloudtrail-storage-bb-126d5e.s3.us-west-1.amazonaws.com,24-Jul-2024 16:48:37 - UTC,N/A
www3.crowdstrikefix.co,24-Jul-2024 16:46:40 - UTC,crowdstrikefix.co
www.crowdstrikelawsuit.com,24-Jul-2024 16:46:14 - UTC,crowdstrikelawsuit.com
www.crowdstrikeglitch.com,24-Jul-2024 16:42:34 - UTC,crowdstrikeglitch.com
fixmycrowdstrike.com,24-Jul-2024 16:42:02 - UTC,Error
crowdstrike-cloudtrail-storage-bb-126d5e.s3.us-west-1.amazonaws.com,24-Jul-2024 16:28:56 - UTC,N/A
crowdstrike.fix.com,24-Jul-2024 16:02:11 - UTC,Not Found
crowdstrike-sf.order.online,24-Jul-2024 16:00:20 - UTC,N/A
ww01.russian.company,24-Jul-2024 15:54:15 - UTC,russian.company
crowdstrike-bsod.co,24-Jul-2024 15:49:36 - UTC,N/A
crowdstrikedoomsday.com,24-Jul-2024 15:17:30 - UTC,CrowdStrike Doomsday
www.crowdstrike-helpdesk.com,24-Jul-2024 15:16:02 - UTC,Coming Soon
en.wikipedia.org,24-Jul-2024 14:52:16 - UTC,CrowdStrike - Wikipedia
recoverycrowdstrike.com,24-Jul-2024 14:34:07 - UTC,Welcome to XAMPP
www.microsoftcrowdstrike.com,24-Jul-2024 14:33:40 - UTC,2024 CrowdStrike incident | Windows CrowdStrike
microsoftoutagescrowdstrike.com,24-Jul-2024 14:33:38 - UTC,microsoftoutagescrowdstrike.com
magento.crowdstrike.litemos.com,24-Jul-2024 14:33:27 - UTC,litemos.com
isitcrowdstrike.com,24-Jul-2024 14:33:24 - UTC,Is it Crowdstrike?
iscrowdstrikestilldown.com,24-Jul-2024 14:33:04 - UTC,Is CrowdStrike Still Down?
iscrowdstrikefixed.com,24-Jul-2024 14:32:52 - UTC,Is CrowdStrike Issue Fixed Yet?
howtofixcrowdstrikeissue.com,24-Jul-2024 14:32:50 - UTC,How to Fix CrowdStrike Issue?
iscrowdstrikedown.com,24-Jul-2024 14:32:48 - UTC,N/A
iscrowdstrikedown.com,24-Jul-2024 14:32:35 - UTC,N/A
fixmycrowdstrike.com,24-Jul-2024 14:32:25 - UTC,Error
fixcrowdstrike.com.au,24-Jul-2024 14:32:19 - UTC,Fix Crowd Strike
www.fixcrowdstrike.com,24-Jul-2024 14:32:18 - UTC,fixcrowdstrike.com - Informationen zum Thema fixcrowdstrike.
www.fix-crowdstrike.com,24-Jul-2024 14:32:08 - UTC,Global IT Crowdstrike Outage Recovery
www.crowdstrikezeroday.com,24-Jul-2024 14:31:18 - UTC,crowdstrikezeroday.com - Informationen zum Thema crowdstrikezeroday.
crowdstrikewatch.com,24-Jul-2024 14:30:52 - UTC,CrowdStrike Watch
crowdstrikeupdate.com,24-Jul-2024 14:30:14 - UTC,crowdstrikeupdate.com
crowdstrikeoopsie.com,24-Jul-2024 14:30:10 - UTC,BEST EDR LMAO
crowdstrikesuporte.com,24-Jul-2024 14:29:45 - UTC,N/A
crowdstrikesupport.info,24-Jul-2024 14:29:29 - UTC,porkbun.com | parked domain
crowdstrikesettlement.com,24-Jul-2024 14:28:58 - UTC,crowdstrikesettlement.com - crowdstrikesettlement Resources and Information.
crowdstrikerecovery1.blob.core.windows.net,24-Jul-2024 14:27:53 - UTC,N/A
crowdstrikeplatform.info,24-Jul-2024 14:27:36 - UTC,porkbun.com | parked domain
crowdstrikeplatform.com,24-Jul-2024 14:27:34 - UTC,porkbun.com | parked domain
crowdstrikepatch.com,24-Jul-2024 14:27:16 - UTC,crowdstrikepatch.com - Informationen zum Thema crowdstrikepatch.
crowdstrikeoutage.info,24-Jul-2024 14:27:13 - UTC,CrowdStrikeOutage - Get Latest Info About Microsoft Outage
www.crowdstrikeoutage.com,24-Jul-2024 14:27:06 - UTC,crowdstrikeoutage.com - Informationen zum Thema crowdstrikeoutage.
crowdstrikeold.com,24-Jul-2024 14:27:06 - UTC,N/A
crowdstrikeout.com,24-Jul-2024 14:26:58 - UTC,porkbun.com | parked domain
www.crowdstrikeoopsies.com,24-Jul-2024 14:26:55 - UTC,crowdstrikeoopsies.com - Informationen zum Thema crowdstrikeoopsies.
www.crowdstrikeoops.com,24-Jul-2024 14:26:54 - UTC,crowdstrikeoops.com - Informationen zum Thema crowdstrikeoops.
crowdstrikemedaddy.com,24-Jul-2024 14:26:42 - UTC,crowdstrikemedaddy.com
crowdstrikelawsuit.com,24-Jul-2024 14:26:19 - UTC,crowdstrikelawsuit.com
crowdstrikekernelcar.com,24-Jul-2024 14:26:02 - UTC,crowdstrikekernelcar.com
crowdstrikehelp.info,24-Jul-2024 14:25:59 - UTC,porkbun.com | parked domain
crowdstrikehelp.com,24-Jul-2024 14:25:54 - UTC,porkbun.com | parked domain
crowdstrikeglitch.com,24-Jul-2024 14:25:50 - UTC,crowdstrikeglitch.com
crowdstrikefix.zip,24-Jul-2024 14:25:40 - UTC,Coming Soon
crowdstrikefix.in,24-Jul-2024 14:25:27 - UTC,crowdstrikefix.in
www3.crowdstrikefix.co,24-Jul-2024 14:25:09 - UTC,crowdstrikefix.co
crowdstrikefail.com,24-Jul-2024 14:24:38 - UTC,BEST EDR LMAO
crowdstrikecure.com,24-Jul-2024 14:24:07 - UTC,N/A
crowdstrike-solutions.nl,24-Jul-2024 14:24:02 - UTC,TransIP - Reserved domainBezet!
iscrowdstrikedown.com,24-Jul-2024 14:24:00 - UTC,N/A
crowdstrikedoomsday.com,24-Jul-2024 14:23:54 - UTC,CrowdStrike Doomsday
crowdstrike-ab1.pages.dev,24-Jul-2024 14:23:46 - UTC,How to Boot a Pendrive with ISO
crowdstrikeclassaction.com.au,24-Jul-2024 14:23:43 - UTC,N/A
britishairways.crowdstrike.feedback,24-Jul-2024 14:23:41 - UTC,ERR_NGROK_3200 - Tunnel britishairways.crowdstrike.feedback not found
www.crowdstriked.net,24-Jul-2024 14:23:40 - UTC,crowdstriked.net - Informationen zum Thema crowdstriked.
www.crowdstrikeclaim.com,24-Jul-2024 14:23:20 - UTC,CrowdStrike Outage Claim Lawyers
crowdstrikebluescreen.com,24-Jul-2024 14:23:18 - UTC,Crowdstrike Bluescreens Have You Down?  Let Us Help You Get Back Up!
crowdstrikeclassaction.com,24-Jul-2024 14:23:15 - UTC,crowdstrikeclassaction.com
crowdstrike.knoji.com,24-Jul-2024 14:22:58 - UTC,CrowdStrike Review | Crowdstrike.com Ratings & Customer Reviews – Jul '24
crowdstrikebug.com,24-Jul-2024 14:22:56 - UTC,"CrowdStrike Bug and Fix | This is a website dedicated to understand more about the incident that happened on July 18, 2024 due to software update from CrowdStike."
